performance,composer,set,seconds,matchmaker_within_quarter,matchmaker_within_bar,matchmaker_median_error_quarters,matchmaker_ahead_2_bars,matchmaker_behind_2_bars,matchmaker_relocations,matchmaker_relocations_over_8_bars_wrong,matchmaker_relocations_over_8_bars_ahead,tracker_within_quarter,tracker_within_bar,tracker_median_error_quarters,tracker_ahead_2_bars,tracker_behind_2_bars,tracker_relocations,tracker_relocations_over_8_bars_wrong,tracker_relocations_over_8_bars_ahead
Bach/Fugue/bwv_846/Shi05M,Bach,check,139.8,0.9327,1.0000,0.1436,0.0000,0.0000,0,0,0,0.9542,1.0000,0.1198,0.0000,0.0000,0,0,0
Bach/Fugue/bwv_848/Denisova06M,Bach,check,108.3,0.9758,1.0000,0.0755,0.0000,0.0000,0,0,0,0.9813,1.0000,0.0751,0.0000,0.0000,0,0,0
Bach/Fugue/bwv_848/Lee01M,Bach,check,123.0,0.9951,1.0000,0.0621,0.0000,0.0000,0,0,0,0.9974,1.0000,0.0613,0.0000,0.0000,0,0,0
Bach/Fugue/bwv_848/LeeSH01M,Bach,check,143.7,0.9989,1.0000,0.0688,0.0000,0.0000,0,0,0,0.9997,1.0000,0.0673,0.0000,0.0000,0,0,0
Bach/Fugue/bwv_848/Lin04M,Bach,check,118.4,0.9726,1.0000,0.0772,0.0000,0.0000,0,0,0,0.9726,1.0000,0.0784,0.0000,0.0000,0,0,0
Bach/Fugue/bwv_848/Lou01M,Bach,check,124.7,0.9907,1.0000,0.0657,0.0000,0.0000,0,0,0,0.9905,1.0000,0.0679,0.0000,0.0000,0,0,0
Bach/Fugue/bwv_848/MiyashitaM01M,Bach,check,134.6,0.9990,1.0000,0.0744,0.0000,0.0000,0,0,0,0.9991,1.0000,0.0738,0.0000,0.0000,0,0,0
Bach/Fugue/bwv_848/Mizumoto03M,Bach,check,127.7,0.9889,1.0000,0.0656,0.0000,0.0000,0,0,0,0.9813,1.0000,0.0655,0.0000,0.0000,0,0,0
Bach/Fugue/bwv_848/SunY01M,Bach,check,120.5,0.9927,1.0000,0.0592,0.0000,0.0000,0,0,0,0.9956,1.0000,0.0602,0.0000,0.0000,0,0,0
Bach/Fugue/bwv_848/Zhou01M,Bach,check,137.6,0.9995,1.0000,0.0676,0.0000,0.0000,0,0,0,0.9995,1.0000,0.0657,0.0000,0.0000,0,0,0
Bach/Fugue/bwv_854/LuA01M,Bach,check,64.1,0.9953,1.0000,0.0596,0.0000,0.0000,0,0,0,0.9931,1.0000,0.0566,0.0000,0.0000,0,0,0
Bach/Fugue/bwv_854/MiyashitaM01M,Bach,check,65.0,1.0000,1.0000,0.0584,0.0000,0.0000,0,0,0,0.9996,1.0000,0.0613,0.0000,0.0000,0,0,0
Bach/Fugue/bwv_854/Ozaki01M,Bach,check,57.0,0.9988,1.0000,0.0472,0.0000,0.0000,0,0,0,0.9996,1.0000,0.0470,0.0000,0.0000,0,0,0
Bach/Fugue/bwv_854/Richardson01M,Bach,check,59.8,1.0000,1.0000,0.0478,0.0000,0.0000,0,0,0,1.0000,1.0000,0.0473,0.0000,0.0000,0,0,0
Bach/Fugue/bwv_854/WangA01M,Bach,check,59.5,0.9945,1.0000,0.0575,0.0000,0.0000,0,0,0,0.9965,1.0000,0.0593,0.0000,0.0000,0,0,0
Bach/Fugue/bwv_856/LuoJ01M,Bach,tuning,65.1,0.9911,0.9964,0.0655,0.0000,0.0000,0,0,0,1.0000,1.0000,0.0655,0.0000,0.0000,0,0,0
Bach/Fugue/bwv_857/Bult-ItoS02M,Bach,tuning,202.2,1.0000,1.0000,0.1015,0.0000,0.0000,0,0,0,0.9775,1.0000,0.1085,0.0000,0.0000,0,0,0
Bach/Fugue/bwv_857/Lisiecki04M,Bach,check,215.9,0.9712,1.0000,0.1324,0.0000,0.0000,0,0,0,0.9767,1.0000,0.1214,0.0000,0.0000,0,0,0
Bach/Fugue/bwv_857/ToA01M,Bach,check,210.0,0.9998,1.0000,0.0953,0.0000,0.0000,0,0,0,0.9998,1.0000,0.0910,0.0000,0.0000,0,0,0
Bach/Fugue/bwv_857/WangA01M,Bach,check,214.1,0.9974,1.0000,0.1090,0.0000,0.0000,0,0,0,0.9979,1.0000,0.1067,0.0000,0.0000,0,0,0
Bach/Fugue/bwv_857/YuP01M,Bach,check,211.9,0.9992,1.0000,0.0987,0.0000,0.0000,0,0,0,0.9996,1.0000,0.0934,0.0000,0.0000,0,0,0
Bach/Fugue/bwv_858/VuV01M,Bach,check,137.9,0.9975,1.0000,0.1015,0.0000,0.0000,0,0,0,0.9978,1.0000,0.0937,0.0000,0.0000,0,0,0
Bach/Fugue/bwv_858/Zhang01M,Bach,tuning,125.2,1.0000,1.0000,0.0897,0.0000,0.0000,0,0,0,1.0000,1.0000,0.0880,0.0000,0.0000,0,0,0
Bach/Fugue/bwv_860/Ko04M,Bach,check,164.7,0.9757,0.9937,0.0659,0.0000,0.0000,0,0,0,0.9879,0.9955,0.0643,0.0000,0.0000,0,0,0
Bach/Fugue/bwv_860/Nikiforov05M,Bach,check,165.8,0.9943,1.0000,0.0574,0.0000,0.0000,0,0,0,1.0000,1.0000,0.0578,0.0000,0.0000,0,0,0
Bach/Fugue/bwv_860/Tetzloff04M,Bach,check,160.2,0.9899,1.0000,0.0801,0.0000,0.0000,0,0,0,0.9901,1.0000,0.0797,0.0000,0.0000,0,0,0
Bach/Fugue/bwv_860/TuanS01M,Bach,check,167.1,0.9858,1.0000,0.0601,0.0000,0.0000,0,0,0,0.9896,1.0000,0.0566,0.0000,0.0000,0,0,0
Bach/Fugue/bwv_860/YoungS01M,Bach,check,145.6,0.9915,1.0000,0.0574,0.0000,0.0000,0,0,0,0.9901,1.0000,0.0581,0.0000,0.0000,0,0,0
Bach/Fugue/bwv_860/ZhangH04M,Bach,check,162.1,0.9642,0.9940,0.0709,0.0000,0.0000,0,0,0,0.9771,0.9960,0.0697,0.0000,0.0000,0,0,0
Bach/Fugue/bwv_862/Song04M,Bach,tuning,148.8,0.9332,1.0000,0.1503,0.0000,0.0000,0,0,0,0.9647,1.0000,0.1247,0.0000,0.0000,0,0,0
Bach/Fugue/bwv_863/LeeN01M,Bach,check,162.8,0.9950,1.0000,0.1289,0.0000,0.0000,0,0,0,0.9967,1.0000,0.1237,0.0000,0.0000,0,0,0
Bach/Fugue/bwv_863/Shychko01M,Bach,check,188.3,0.9621,1.0000,0.1775,0.0000,0.0000,0,0,0,0.9721,1.0000,0.1570,0.0000,0.0000,0,0,0
Bach/Fugue/bwv_863/TongB01M,Bach,check,166.5,0.9962,1.0000,0.1398,0.0000,0.0000,0,0,0,0.9985,1.0000,0.1305,0.0000,0.0000,0,0,0
Bach/Fugue/bwv_864/SunD01M,Bach,check,141.9,0.9969,1.0000,0.0654,0.0000,0.0000,0,0,0,0.9931,1.0000,0.0686,0.0000,0.0000,0,0,0
Bach/Fugue/bwv_865/Teo01M,Bach,check,239.4,0.9731,1.0000,0.0983,0.0000,0.0000,0,0,0,0.9751,1.0000,0.0922,0.0000,0.0000,0,0,0
Bach/Fugue/bwv_865/ZhangE01M,Bach,check,241.8,0.9969,1.0000,0.0936,0.0000,0.0000,0,0,0,0.9978,1.0000,0.0903,0.0000,0.0000,0,0,0
Bach/Fugue/bwv_867/HuNY01M,Bach,check,135.5,0.9171,1.0000,0.1901,0.0000,0.0000,0,0,0,0.9464,1.0000,0.1626,0.0000,0.0000,0,0,0
Bach/Fugue/bwv_867/Sham01M,Bach,check,151.3,0.9300,1.0000,0.1866,0.0000,0.0000,0,0,0,0.9145,0.9804,0.1885,0.0000,0.0000,0,0,0
Bach/Fugue/bwv_868/GonzalezJ05M,Bach,check,119.5,0.9769,1.0000,0.1148,0.0000,0.0000,0,0,0,0.9823,1.0000,0.1088,0.0000,0.0000,0,0,0
Bach/Fugue/bwv_870/ChenW01M,Bach,check,92.5,0.9977,1.0000,0.0520,0.0000,0.0000,0,0,0,0.9977,1.0000,0.0600,0.0000,0.0000,0,0,0
Bach/Fugue/bwv_870/LeeE01M,Bach,check,83.9,0.9823,1.0000,0.0700,0.0000,0.0000,0,0,0,0.9867,1.0000,0.0691,0.0000,0.0000,0,0,0
Bach/Fugue/bwv_870/MaximovI01M,Bach,check,80.8,0.9945,1.0000,0.0728,0.0000,0.0000,0,0,0,0.9945,1.0000,0.0735,0.0000,0.0000,0,0,0
Bach/Fugue/bwv_873/Lisiecki13M,Bach,tuning,117.0,0.9948,1.0000,0.0685,0.0000,0.0000,0,0,0,0.9976,1.0000,0.0684,0.0000,0.0000,0,0,0
Bach/Fugue/bwv_874/BianF01,Bach,tuning,165.3,0.0890,1.0000,1.2547,0.0000,0.0000,0,0,0,0.1090,1.0000,1.2419,0.0000,0.0000,0,0,0
Bach/Fugue/bwv_874/Kurz01M,Bach,check,164.7,0.9819,1.0000,0.1246,0.0000,0.0000,0,0,0,0.9831,1.0000,0.1203,0.0000,0.0000,0,0,0
Bach/Fugue/bwv_874/WongWY01M,Bach,check,192.3,0.9754,1.0000,0.1560,0.0000,0.0000,0,0,0,0.9575,1.0000,0.1616,0.0000,0.0000,0,0,0
Bach/Fugue/bwv_875/Ahfat01M,Bach,check,125.5,0.9806,1.0000,0.0915,0.0000,0.0000,0,0,0,0.9924,1.0000,0.0787,0.0000,0.0000,0,0,0
Bach/Fugue/bwv_875/CaoJ01M,Bach,check,115.5,0.9755,1.0000,0.0811,0.0000,0.0000,0,0,0,0.9960,1.0000,0.0682,0.0000,0.0000,0,0,0
Bach/Fugue/bwv_876/SirajA01M,Bach,check,109.0,0.8903,0.9966,0.2350,0.0000,0.0000,0,0,0,0.8935,1.0000,0.2404,0.0000,0.0000,0,0,0
Bach/Fugue/bwv_876/Song01M,Bach,check,85.9,0.7330,0.9454,0.4003,0.0000,0.0000,0,0,0,0.7365,0.9349,0.3983,0.0000,0.0000,0,0,0
Bach/Fugue/bwv_880/LeungR01M,Bach,check,93.7,0.9978,1.0000,0.0736,0.0000,0.0000,0,0,0,0.9936,0.9993,0.0731,0.0000,0.0000,0,0,0
Bach/Fugue/bwv_880/WangA04M,Bach,check,98.4,1.0000,1.0000,0.0825,0.0000,0.0000,0,0,0,0.9995,1.0000,0.0854,0.0000,0.0000,0,0,0
Bach/Fugue/bwv_883/GuoE01M,Bach,check,262.0,0.9935,1.0000,0.0997,0.0000,0.0000,0,0,0,0.9925,1.0000,0.0963,0.0000,0.0000,0,0,0
Bach/Fugue/bwv_883/Herbert02,Bach,check,198.3,0.0400,1.0000,1.2774,0.0000,0.0000,0,0,0,0.0463,1.0000,1.2732,0.0000,0.0000,0,0,0
Bach/Fugue/bwv_883/KaiRuiR03,Bach,check,158.3,0.0116,1.0000,2.4145,0.0000,0.0000,0,0,0,0.0129,1.0000,2.4195,0.0000,0.0000,0,0,0
Bach/Fugue/bwv_883/Khmara04,Bach,check,254.7,0.7999,0.9955,0.8285,0.0000,0.0000,0,0,0,0.8387,0.9978,0.8108,0.0000,0.0000,0,0,0
Bach/Fugue/bwv_883/LuM01M,Bach,check,178.6,0.9909,1.0000,0.0954,0.0000,0.0000,0,0,0,0.9824,1.0000,0.0958,0.0000,0.0000,0,0,0
Bach/Fugue/bwv_884/LiA01M,Bach,check,62.4,0.9996,1.0000,0.0590,0.0000,0.0000,0,0,0,1.0000,1.0000,0.0631,0.0000,0.0000,0,0,0
Bach/Fugue/bwv_885/Guo01M,Bach,check,152.8,0.9743,1.0000,0.0737,0.0000,0.0000,0,0,0,0.9808,0.9991,0.0766,0.0000,0.0000,0,0,0
Bach/Fugue/bwv_885/Huang04M,Bach,check,185.4,0.8870,0.9833,0.1300,0.0000,0.0000,0,0,0,0.8809,0.9631,0.1317,0.0000,0.0000,0,0,0
Bach/Fugue/bwv_885/JeonH01M,Bach,check,149.2,0.9823,1.0000,0.0778,0.0000,0.0000,0,0,0,0.9816,1.0000,0.0768,0.0000,0.0000,0,0,0
Bach/Fugue/bwv_885/SINKEV06,Bach,check,142.2,0.8999,0.9985,0.8531,0.0000,0.0000,0,0,0,0.8872,0.9989,0.8580,0.0000,0.0000,0,0,0
Bach/Fugue/bwv_887/LiYZ01M,Bach,check,350.8,0.9956,1.0000,0.1122,0.0000,0.0000,0,0,0,0.9950,1.0000,0.1141,0.0000,0.0000,0,0,0
Bach/Fugue/bwv_888/ZhaoK01M,Bach,check,66.2,1.0000,1.0000,0.0377,0.0000,0.0000,0,0,0,1.0000,1.0000,0.0378,0.0000,0.0000,0,0,0
Bach/Fugue/bwv_889/Giesbrecht01M,Bach,check,91.7,0.9962,1.0000,0.1009,0.0000,0.0000,0,0,0,0.9967,1.0000,0.0895,0.0000,0.0000,0,0,0
Bach/Fugue/bwv_889/LiuY01M,Bach,check,82.7,0.9955,1.0000,0.1146,0.0000,0.0000,0,0,0,0.9955,1.0000,0.1031,0.0000,0.0000,0,0,0
Bach/Fugue/bwv_889/MunA01M,Bach,check,92.9,0.9922,1.0000,0.1102,0.0000,0.0000,0,0,0,0.9895,1.0000,0.0977,0.0000,0.0000,0,0,0
Bach/Fugue/bwv_889/Wang01M,Bach,check,89.1,0.9961,1.0000,0.1229,0.0000,0.0000,0,0,0,0.9969,1.0000,0.1077,0.0000,0.0000,0,0,0
Bach/Fugue/bwv_889/YangY02M,Bach,check,102.1,0.9964,1.0000,0.1183,0.0000,0.0000,0,0,0,0.9961,1.0000,0.1029,0.0000,0.0000,0,0,0
Bach/Fugue/bwv_889/ZhangW02M,Bach,check,85.7,0.9962,1.0000,0.1013,0.0000,0.0000,0,0,0,0.9940,1.0000,0.0950,0.0000,0.0000,0,0,0
Bach/Fugue/bwv_891/Duepree06M,Bach,tuning,211.7,0.8628,0.9900,0.3031,0.0000,0.0000,0,0,0,0.8947,0.9937,0.2606,0.0000,0.0000,0,0,0
Bach/Fugue/bwv_892/Hou01M,Bach,tuning,242.3,0.9429,1.0000,0.1233,0.0000,0.0000,0,0,0,0.9514,1.0000,0.1225,0.0000,0.0000,0,0,0
Bach/Fugue/bwv_892/KabuliL01M,Bach,check,227.3,0.9437,1.0000,0.1227,0.0000,0.0000,0,0,0,0.9562,1.0000,0.1181,0.0000,0.0000,0,0,0
Bach/Fugue/bwv_893/Kleisen04M,Bach,tuning,87.7,0.9989,0.9984,0.0706,0.0000,0.0000,0,0,0,1.0000,1.0000,0.0720,0.0000,0.0000,0,0,0
Bach/Fugue/bwv_893/Levitsky04M,Bach,check,86.6,0.9984,0.9984,0.0732,0.0000,0.0000,0,0,0,1.0000,1.0000,0.0706,0.0000,0.0000,0,0,0
Bach/Fugue/bwv_893/Wong01M,Bach,check,102.2,1.0000,0.9991,0.0734,0.0000,0.0000,0,0,0,1.0000,1.0000,0.0699,0.0000,0.0000,0,0,0
Bach/Prelude/bwv_846/Shi05M,Bach,check,133.6,0.9578,0.9885,0.1148,0.0000,0.0000,0,0,0,0.9891,1.0000,0.1134,0.0000,0.0000,0,0,0
Bach/Prelude/bwv_848/Denisova06M,Bach,check,65.6,0.8825,0.9104,0.1204,0.0687,0.0000,0,0,0,0.9267,0.9604,0.1165,0.0004,0.0000,0,0,0
Bach/Prelude/bwv_848/Lee01M,Bach,check,71.4,0.9191,0.9421,0.0763,0.0439,0.0000,0,0,0,0.9733,0.9971,0.0680,0.0000,0.0000,0,0,0
Bach/Prelude/bwv_848/LeeSH01M,Bach,check,77.5,0.9257,0.9392,0.0566,0.0443,0.0000,0,0,0,0.9829,0.9973,0.0473,0.0000,0.0000,0,0,0
Bach/Prelude/bwv_848/Lin04M,Bach,check,70.7,0.8705,0.8863,0.1039,0.0956,0.0000,0,0,0,0.9645,0.9869,0.0942,0.0000,0.0003,0,0,0
Bach/Prelude/bwv_848/Lou01M,Bach,check,69.4,0.9511,0.9555,0.0616,0.0321,0.0000,0,0,0,0.9900,0.9983,0.0533,0.0000,0.0000,0,0,0
Bach/Prelude/bwv_848/MiyashitaM01M,Bach,check,72.3,0.9474,0.9541,0.0555,0.0334,0.0000,0,0,0,0.9872,0.9990,0.0476,0.0000,0.0000,0,0,0
Bach/Prelude/bwv_848/Mizumoto03M,Bach,check,69.4,0.9401,0.9441,0.0715,0.0442,0.0000,0,0,0,0.9926,0.9990,0.0640,0.0000,0.0000,0,0,0
Bach/Prelude/bwv_848/SunY01M,Bach,check,63.0,0.9142,0.9271,0.0623,0.0604,0.0000,0,0,0,0.9698,0.9941,0.0541,0.0000,0.0000,0,0,0
Bach/Prelude/bwv_848/Zhou01M,Bach,check,65.9,0.9525,0.9588,0.0608,0.0275,0.0000,0,0,0,0.9887,0.9989,0.0527,0.0000,0.0000,0,0,0
Bach/Prelude/bwv_854/LuA01M,Bach,check,83.4,0.9256,1.0000,0.1026,0.0000,0.0000,0,0,0,0.9616,1.0000,0.1030,0.0000,0.0000,0,0,0
Bach/Prelude/bwv_854/MiyashitaM01M,Bach,check,75.7,0.9491,1.0000,0.0899,0.0000,0.0000,0,0,0,0.9972,1.0000,0.0758,0.0000,0.0000,0,0,0
Bach/Prelude/bwv_854/Ozaki01M,Bach,check,82.2,0.9361,0.9949,0.0918,0.0000,0.0000,0,0,0,0.9901,1.0000,0.0890,0.0000,0.0000,0,0,0
Bach/Prelude/bwv_854/Richardson01M,Bach,check,86.0,0.9652,1.0000,0.1069,0.0000,0.0000,0,0,0,0.9973,1.0000,0.1092,0.0000,0.0000,0,0,0
Bach/Prelude/bwv_854/WangA01M,Bach,check,77.0,0.9421,1.0000,0.0903,0.0000,0.0000,0,0,0,0.9897,1.0000,0.0860,0.0000,0.0000,0,0,0
Bach/Prelude/bwv_856/LuoJ01M,Bach,check,54.8,0.8932,0.9708,0.0760,0.0000,0.0000,0,0,0,0.9890,1.0000,0.0533,0.0000,0.0000,0,0,0
Bach/Prelude/bwv_857/Bult-ItoS02M,Bach,check,96.8,0.9127,0.9976,0.1081,0.0000,0.0000,0,0,0,0.9844,1.0000,0.0854,0.0000,0.0000,0,0,0
Bach/Prelude/bwv_857/Lan01M,Bach,check,109.1,0.7745,0.9906,0.1839,0.0000,0.0000,0,0,0,0.9135,1.0000,0.1066,0.0000,0.0000,0,0,0
Bach/Prelude/bwv_857/Lisiecki04M,Bach,check,102.8,0.8810,1.0000,0.1498,0.0000,0.0000,0,0,0,0.9605,1.0000,0.1044,0.0000,0.0000,0,0,0
Bach/Prelude/bwv_857/ToA01M,Bach,check,123.5,0.8675,0.9784,0.1507,0.0000,0.0000,0,0,0,0.9705,1.0000,0.0966,0.0000,0.0000,0,0,0
Bach/Prelude/bwv_857/WangA01M,Bach,check,130.2,0.8306,0.9754,0.1761,0.0000,0.0000,0,0,0,0.9495,1.0000,0.1093,0.0000,0.0000,0,0,0
Bach/Prelude/bwv_857/YuP01M,Bach,check,110.1,0.8800,0.9937,0.1391,0.0000,0.0000,0,0,0,0.9587,1.0000,0.0941,0.0000,0.0000,0,0,0
Bach/Prelude/bwv_858/VuV01M,Bach,check,78.7,0.8363,0.8611,0.0982,0.0976,0.0000,0,0,0,0.9947,1.0000,0.0683,0.0000,0.0000,0,0,0
Bach/Prelude/bwv_858/Zhang01M,Bach,check,84.1,0.8246,0.8497,0.1329,0.1099,0.0000,0,0,0,0.9928,1.0000,0.0934,0.0000,0.0000,0,0,0
Bach/Prelude/bwv_860/Ko04M,Bach,check,46.1,0.9401,1.0000,0.0900,0.0000,0.0000,0,0,0,0.9970,1.0000,0.0897,0.0000,0.0000,0,0,0
Bach/Prelude/bwv_860/Nikiforov05M,Bach,check,46.4,0.9524,1.0000,0.0806,0.0000,0.0000,0,0,0,0.9990,1.0000,0.0776,0.0000,0.0000,0,0,0
Bach/Prelude/bwv_860/Tetzloff04M,Bach,check,46.7,0.9130,0.9836,0.0996,0.0000,0.0000,0,0,0,0.9871,1.0000,0.0923,0.0000,0.0000,0,0,0
Bach/Prelude/bwv_860/TuanS01M,Bach,check,46.8,0.9395,1.0000,0.0639,0.0000,0.0000,0,0,0,1.0000,1.0000,0.0518,0.0000,0.0000,0,0,0
Bach/Prelude/bwv_860/YoungS01M,Bach,check,45.1,0.9402,1.0000,0.0584,0.0000,0.0000,0,0,0,0.9979,1.0000,0.0435,0.0000,0.0000,0,0,0
Bach/Prelude/bwv_860/ZhangH04M,Bach,check,46.4,0.9349,1.0000,0.0813,0.0000,0.0000,0,0,0,0.9980,1.0000,0.0727,0.0000,0.0000,0,0,0
Bach/Prelude/bwv_862/Song04M,Bach,tuning,71.8,0.9373,0.9738,0.0950,0.0000,0.0000,0,0,0,0.9796,1.0000,0.0854,0.0000,0.0000,0,0,0
Bach/Prelude/bwv_863/LeeN01M,Bach,tuning,98.4,0.8908,0.9387,0.1049,0.0177,0.0000,0,0,0,0.9870,1.0000,0.0811,0.0000,0.0000,0,0,0
Bach/Prelude/bwv_863/Shychko01M,Bach,check,97.5,0.9181,0.9767,0.1222,0.0000,0.0000,0,0,0,0.9893,1.0000,0.0884,0.0000,0.0000,0,0,0
Bach/Prelude/bwv_863/TongB01M,Bach,check,89.4,0.9231,0.9548,0.0944,0.0003,0.0000,0,0,0,0.9826,0.9961,0.0805,0.0000,0.0000,0,0,0
Bach/Prelude/bwv_864/SunD01M,Bach,tuning,61.7,0.9263,0.9635,0.0708,0.0000,0.0000,0,0,0,0.9974,1.0000,0.0560,0.0000,0.0000,0,0,0
Bach/Prelude/bwv_865/Rizikov01M,Bach,check,55.3,0.9152,0.9798,0.0972,0.0000,0.0000,0,0,0,0.9723,1.0000,0.0786,0.0000,0.0000,0,0,0
Bach/Prelude/bwv_865/Teo01M,Bach,check,55.0,0.9068,0.9679,0.1069,0.0000,0.0000,0,0,0,0.9654,1.0000,0.0909,0.0000,0.0000,0,0,0
Bach/Prelude/bwv_865/ZhangE01M,Bach,check,58.2,0.8687,0.9206,0.1007,0.0227,0.0000,0,0,0,0.9769,1.0000,0.0755,0.0000,0.0000,0,0,0
Bach/Prelude/bwv_867/HuNY01M,Bach,check,165.5,0.5327,0.9182,0.8752,0.0000,0.0000,0,0,0,0.7007,0.9615,0.3257,0.0000,0.0000,0,0,0
Bach/Prelude/bwv_867/Sham01M,Bach,check,170.9,0.1531,0.4461,4.8238,0.2523,0.0000,0,0,0,0.4532,0.7078,1.2507,0.1200,0.0000,0,0,0
Bach/Prelude/bwv_868/GonzalezJ05M,Bach,tuning,61.8,0.8830,0.9285,0.1200,0.0026,0.0000,0,0,0,0.9947,1.0000,0.0857,0.0000,0.0000,0,0,0
Bach/Prelude/bwv_870/ChenW01M,Bach,check,147.9,0.9717,1.0000,0.0919,0.0000,0.0000,0,0,0,0.9900,1.0000,0.0799,0.0000,0.0000,0,0,0
Bach/Prelude/bwv_870/LeeE01M,Bach,check,139.9,0.9992,1.0000,0.0850,0.0000,0.0000,0,0,0,0.9997,1.0000,0.0734,0.0000,0.0000,0,0,0
Bach/Prelude/bwv_870/MaximovI01M,Bach,check,149.0,0.9706,1.0000,0.1140,0.0000,0.0000,0,0,0,0.9994,1.0000,0.0923,0.0000,0.0000,0,0,0
Bach/Prelude/bwv_873/Lisiecki13M,Bach,check,251.1,0.9430,0.9969,0.1817,0.0000,0.0000,0,0,0,0.9698,1.0000,0.1645,0.0000,0.0000,0,0,0
Bach/Prelude/bwv_874/BianF01M,Bach,check,150.0,0.9294,1.0000,0.1176,0.0000,0.0000,0,0,0,0.9269,1.0000,0.1204,0.0000,0.0000,0,0,0
Bach/Prelude/bwv_874/WongWY01M,Bach,tuning,166.0,0.9460,1.0000,0.1091,0.0000,0.0000,0,0,0,0.9683,1.0000,0.0959,0.0000,0.0000,0,0,0
Bach/Prelude/bwv_875/Ahfat01M,Bach,check,92.0,0.9717,0.9864,0.0569,0.0000,0.0000,0,0,0,0.9955,1.0000,0.0527,0.0000,0.0000,0,0,0
Bach/Prelude/bwv_875/CaoJ01M,Bach,check,85.4,0.9465,0.9579,0.0558,0.0196,0.0000,0,0,0,0.9957,1.0000,0.0470,0.0000,0.0000,0,0,0
Bach/Prelude/bwv_875/HONG04M,Bach,check,85.1,0.9498,0.9602,0.0504,0.0227,0.0000,0,0,0,1.0000,1.0000,0.0460,0.0000,0.0000,0,0,0
Bach/Prelude/bwv_876/SirajA01M,Bach,tuning,127.5,0.9250,1.0000,0.1227,0.0000,0.0000,0,0,0,0.9233,1.0000,0.1236,0.0000,0.0000,0,0,0
Bach/Prelude/bwv_876/Song01M,Bach,check,132.5,0.9520,1.0000,0.1116,0.0000,0.0000,0,0,0,0.9557,1.0000,0.1111,0.0000,0.0000,0,0,0
Bach/Prelude/bwv_880/LeungR01M,Bach,check,203.3,0.9837,1.0000,0.0879,0.0000,0.0000,0,0,0,0.9878,1.0000,0.0859,0.0000,0.0000,0,0,0
Bach/Prelude/bwv_880/WangA04M,Bach,check,165.1,0.8793,1.0000,0.1637,0.0000,0.0000,0,0,0,0.8699,1.0000,0.1668,0.0000,0.0000,0,0,0
Bach/Prelude/bwv_883/GuoE01M,Bach,check,167.9,0.9273,0.9534,0.0969,0.0192,0.0000,0,0,0,0.9964,1.0000,0.0750,0.0000,0.0000,0,0,0
Bach/Prelude/bwv_883/LuM01M,Bach,check,158.8,0.8495,0.9026,0.1083,0.0156,0.0000,0,0,0,0.9345,0.9743,0.0830,0.0000,0.0000,0,0,0
Bach/Prelude/bwv_884/LiA01M,Bach,tuning,68.1,0.9431,0.9652,0.0710,0.0031,0.0000,0,0,0,0.9888,1.0000,0.0580,0.0000,0.0000,0,0,0
Bach/Prelude/bwv_885/Guo01M,Bach,tuning,143.0,1.0000,1.0000,0.0519,0.0000,0.0000,0,0,0,1.0000,1.0000,0.0510,0.0000,0.0000,0,0,0
Bach/Prelude/bwv_885/Huang04M,Bach,check,151.9,0.9752,1.0000,0.0784,0.0000,0.0000,0,0,0,0.9745,1.0000,0.0763,0.0000,0.0000,0,0,0
Bach/Prelude/bwv_885/JeonH01M,Bach,check,172.0,1.0000,1.0000,0.0713,0.0000,0.0000,0,0,0,1.0000,1.0000,0.0730,0.0000,0.0000,0,0,0
Bach/Prelude/bwv_885/SINKEV06,Bach,check,160.7,0.9967,1.0000,0.5767,0.0000,0.0000,0,0,0,0.9997,1.0000,0.5789,0.0000,0.0000,0,0,0
Bach/Prelude/bwv_887/LiYZ01M,Bach,check,109.6,0.9614,0.9790,0.0606,0.0000,0.0000,0,0,0,0.9972,1.0000,0.0530,0.0000,0.0000,0,0,0
Bach/Prelude/bwv_888/ZhaoK01M,Bach,check,99.2,0.9633,1.0000,0.0856,0.0000,0.0000,0,0,0,0.9951,1.0000,0.0676,0.0000,0.0000,0,0,0
Bach/Prelude/bwv_889/Giesbrecht01M,Bach,check,142.3,0.9634,1.0000,0.1367,0.0000,0.0000,0,0,0,0.9842,1.0000,0.1094,0.0000,0.0000,0,0,0
Bach/Prelude/bwv_889/LiuY01M,Bach,check,135.6,0.9904,1.0000,0.1017,0.0000,0.0000,0,0,0,1.0000,1.0000,0.0836,0.0000,0.0000,0,0,0
Bach/Prelude/bwv_889/MunA01M,Bach,check,134.5,0.9864,1.0000,0.0856,0.0000,0.0000,0,0,0,1.0000,1.0000,0.0751,0.0000,0.0000,0,0,0
Bach/Prelude/bwv_889/Wang01M,Bach,check,144.4,0.9577,1.0000,0.1291,0.0000,0.0000,0,0,0,0.9799,1.0000,0.1049,0.0000,0.0000,0,0,0
Bach/Prelude/bwv_889/YangY02M,Bach,check,128.2,0.9819,1.0000,0.0913,0.0000,0.0000,0,0,0,0.9949,1.0000,0.0807,0.0000,0.0000,0,0,0
Bach/Prelude/bwv_889/ZhangW02M,Bach,check,120.9,0.9898,1.0000,0.0938,0.0000,0.0000,0,0,0,0.9998,1.0000,0.0822,0.0000,0.0000,0,0,0
Bach/Prelude/bwv_891/BLINOV04M,Bach,check,151.5,0.9330,0.9781,0.1153,0.0020,0.0000,0,0,0,0.9730,1.0000,0.1090,0.0000,0.0000,0,0,0
Bach/Prelude/bwv_891/Duepree06M,Bach,check,137.5,0.9519,0.9938,0.1249,0.0000,0.0000,0,0,0,0.9591,1.0000,0.1312,0.0000,0.0000,0,0,0
Bach/Prelude/bwv_892/Hou01M,Bach,check,98.8,0.9955,1.0000,0.0468,0.0000,0.0000,0,0,0,0.9932,1.0000,0.0463,0.0000,0.0000,0,0,0
Bach/Prelude/bwv_892/KabuliL01M,Bach,check,111.4,0.9946,1.0000,0.0486,0.0000,0.0000,0,0,0,1.0000,1.0000,0.0482,0.0000,0.0000,0,0,0
Bach/Prelude/bwv_893/Kleisen04M,Bach,check,126.7,0.9291,0.9753,0.1108,0.0038,0.0000,0,0,0,0.9722,1.0000,0.1023,0.0000,0.0000,0,0,0
Bach/Prelude/bwv_893/Levitsky04M,Bach,check,131.2,0.9644,1.0000,0.1081,0.0000,0.0000,0,0,0,0.9839,1.0000,0.0998,0.0000,0.0000,0,0,0
Bach/Prelude/bwv_893/Wong01M,Bach,check,142.8,0.9610,1.0000,0.1080,0.0000,0.0000,0,0,0,0.9768,1.0000,0.1069,0.0000,0.0000,0,0,0
Beethoven/Piano_Sonatas/10-1/Hou02M,Beethoven,check,276.7,0.9855,1.0000,0.0883,0.0000,0.0000,0,0,0,0.9878,1.0000,0.0873,0.0000,0.0000,0,0,0
Beethoven/Piano_Sonatas/11-1/LiC03M,Beethoven,tuning,320.6,0.9124,0.9890,0.1356,0.0000,0.0000,0,0,0,0.9371,1.0000,0.1192,0.0000,0.0000,0,0,0
Beethoven/Piano_Sonatas/11-1/LiYZ03M,Beethoven,check,334.4,0.8919,0.9886,0.1340,0.0000,0.0000,0,0,0,0.9015,0.9758,0.1242,0.0000,0.0000,0,0,0
Beethoven/Piano_Sonatas/11-1/MaximovI02M,Beethoven,check,311.4,0.8882,0.9902,0.1673,0.0000,0.0000,0,0,0,0.9067,1.0000,0.1584,0.0000,0.0000,0,0,0
Beethoven/Piano_Sonatas/11-1/ZhaoK02M,Beethoven,check,316.9,0.8860,0.9650,0.1249,0.0000,0.0007,0,0,0,0.9335,0.9985,0.1067,0.0000,0.0000,0,0,0
Beethoven/Piano_Sonatas/12-1/Kleisen05M,Beethoven,tuning,400.0,0.9583,0.9767,0.0892,0.0022,0.0000,0,0,0,0.9707,0.9848,0.0883,0.0023,0.0000,0,0,0
Beethoven/Piano_Sonatas/17-1/KaszoS09M,Beethoven,tuning,511.3,0.6827,0.9094,0.5128,0.0203,0.0077,0,0,0,0.6693,0.8757,0.5220,0.0603,0.0098,1,0,0
Beethoven/Piano_Sonatas/17-1_no_repeat/GuoE02M,Beethoven,tuning,369.3,0.6397,0.8841,0.5371,0.0177,0.0236,0,0,0,0.6731,0.8977,0.4537,0.0112,0.0147,2,0,0
Beethoven/Piano_Sonatas/17-1_no_repeat/KabuliL02M,Beethoven,check,349.6,0.5802,0.8376,0.6962,0.0253,0.0274,0,0,0,0.6476,0.8931,0.5281,0.0051,0.0096,2,0,0
Beethoven/Piano_Sonatas/17-1_no_repeat/Richardson02M,Beethoven,check,334.4,0.6644,0.9121,0.5048,0.0307,0.0072,0,0,0,0.6597,0.9049,0.4908,0.0081,0.0143,0,0,0
Beethoven/Piano_Sonatas/17-1_no_repeat/TuanS02M,Beethoven,check,377.6,0.6534,0.8788,0.5347,0.0138,0.0200,0,0,0,0.6526,0.8738,0.5237,0.0385,0.0105,2,0,0
Beethoven/Piano_Sonatas/17-1_no_repeat/WangH03M,Beethoven,check,375.5,0.6315,0.8787,0.6040,0.0064,0.0373,0,0,0,0.6505,0.8791,0.5347,0.0137,0.0282,1,0,0
Beethoven/Piano_Sonatas/17-3/USHIKI05M,Beethoven,tuning,319.5,0.7955,0.8769,0.2818,0.0000,0.0239,0,0,0,0.7825,0.8691,0.2975,0.0000,0.0264,0,0,0
Beethoven/Piano_Sonatas/18-1/ChenGuang03M,Beethoven,check,364.2,0.8124,0.9766,0.2380,0.0000,0.0007,0,0,0,0.8157,0.9802,0.2316,0.0000,0.0017,0,0,0
Beethoven/Piano_Sonatas/18-1/KOLESO06M,Beethoven,check,359.3,0.8219,0.9722,0.2389,0.0074,0.0000,0,0,0,0.8062,0.9641,0.2376,0.0115,0.0000,0,0,0
Beethoven/Piano_Sonatas/18-1/LeungR02M,Beethoven,check,352.1,0.8151,0.9317,0.1821,0.0001,0.0106,0,0,0,0.8093,0.9465,0.1867,0.0092,0.0000,0,0,0
Beethoven/Piano_Sonatas/18-1/Levitsky05M,Beethoven,check,350.5,0.7880,0.9641,0.2492,0.0001,0.0000,0,0,0,0.8041,0.9477,0.2433,0.0081,0.0022,0,0,0
Beethoven/Piano_Sonatas/18-1/ZhangH05M,Beethoven,check,351.2,0.7749,0.9540,0.2598,0.0048,0.0050,0,0,0,0.7939,0.9615,0.2576,0.0070,0.0024,0,0,0
Beethoven/Piano_Sonatas/18-4/ChenGuang06M,Beethoven,check,278.6,0.7070,0.8932,0.3603,0.0000,0.0507,0,0,0,0.7135,0.8981,0.3523,0.0000,0.0477,0,0,0
Beethoven/Piano_Sonatas/18-4/KOLESO06M,Beethoven,check,277.1,0.7364,0.9062,0.3069,0.0000,0.0393,0,0,0,0.7442,0.9040,0.3075,0.0000,0.0432,0,0,0
Beethoven/Piano_Sonatas/21-1/KaiRuiR02M,Beethoven,check,636.2,0.8680,0.9770,0.1452,0.0000,0.0022,0,0,0,0.8792,0.9838,0.1327,0.0000,0.0000,0,0,0
Beethoven/Piano_Sonatas/21-1_no_repeat/GonzalezJ06M,Beethoven,check,469.4,0.9042,0.9898,0.1447,0.0000,0.0000,0,0,0,0.8932,0.9912,0.1381,0.0000,0.0000,0,0,0
Beethoven/Piano_Sonatas/21-1_no_repeat/KimSY02M,Beethoven,check,497.0,0.9142,0.9998,0.1561,0.0000,0.0000,0,0,0,0.9085,0.9942,0.1579,0.0000,0.0000,0,0,0
Beethoven/Piano_Sonatas/21-1_no_repeat/LeeN02M,Beethoven,check,483.3,0.8898,0.9754,0.1437,0.0000,0.0123,0,0,0,0.8967,0.9847,0.1425,0.0000,0.0017,0,0,0
Beethoven/Piano_Sonatas/21-1_no_repeat/RichardsonC02M,Beethoven,check,503.2,0.8740,0.9817,0.1434,0.0000,0.0000,0,0,0,0.8936,0.9848,0.1339,0.0000,0.0000,0,0,0
Beethoven/Piano_Sonatas/21-1_no_repeat/Shychko02M,Beethoven,check,518.0,0.9089,0.9876,0.1533,0.0000,0.0000,0,0,0,0.9134,0.9943,0.1493,0.0000,0.0000,0,0,0
Beethoven/Piano_Sonatas/21-1_no_repeat/Sladek02M,Beethoven,check,488.5,0.8421,0.9750,0.1902,0.0000,0.0041,0,0,0,0.8166,0.9560,0.1999,0.0044,0.0030,0,0,0
Beethoven/Piano_Sonatas/21-1_no_repeat/Song03M,Beethoven,check,520.0,0.8821,0.9894,0.1587,0.0000,0.0000,0,0,0,0.8665,0.9915,0.1608,0.0000,0.0000,0,0,0
Beethoven/Piano_Sonatas/21-1_no_repeat/SunY02M,Beethoven,check,479.4,0.8786,0.9802,0.1538,0.0000,0.0078,0,0,0,0.8748,0.9846,0.1535,0.0000,0.0000,0,0,0
Beethoven/Piano_Sonatas/21-1_no_repeat/Tetzloff05M,Beethoven,check,480.8,0.7805,0.9669,0.2816,0.0000,0.0048,0,0,0,0.7740,0.9426,0.2972,0.0000,0.0229,0,0,0
Beethoven/Piano_Sonatas/21-1_no_repeat/ToA02M,Beethoven,tuning,482.7,0.8645,0.9720,0.1543,0.0000,0.0103,0,0,0,0.8788,0.9836,0.1504,0.0000,0.0026,0,0,0
Beethoven/Piano_Sonatas/21-1_no_repeat/TongB03M,Beethoven,check,500.6,0.8612,0.9765,0.1583,0.0000,0.0088,0,0,0,0.8690,0.9711,0.1527,0.0000,0.0106,0,0,0
Beethoven/Piano_Sonatas/21-1_no_repeat/WangA02M,Beethoven,check,472.3,0.8702,0.9849,0.1568,0.0000,0.0013,0,0,0,0.8843,0.9856,0.1493,0.0000,0.0000,0,0,0
Beethoven/Piano_Sonatas/21-1_no_repeat/YeZ02M,Beethoven,check,533.5,0.8999,0.9896,0.1586,0.0000,0.0000,0,0,0,0.9105,0.9869,0.1514,0.0000,0.0000,0,0,0
Beethoven/Piano_Sonatas/21-1_no_repeat/ZhangW01M,Beethoven,check,487.3,0.8775,0.9863,0.1369,0.0000,0.0005,0,0,0,0.8687,0.9818,0.1326,0.0000,0.0003,0,0,0
Beethoven/Piano_Sonatas/21-2/YOO05M,Beethoven,tuning,237.8,0.9499,1.0000,0.1540,0.0000,0.0000,0,0,0,0.9488,1.0000,0.1446,0.0000,0.0000,0,0,0
Beethoven/Piano_Sonatas/21-3/KimSY04M,Beethoven,check,577.1,0.7456,0.8914,0.2562,0.0000,0.0560,0,0,0,0.7763,0.9042,0.2222,0.0006,0.0459,0,0,0
Beethoven/Piano_Sonatas/21-3/Sekino05M,Beethoven,check,603.8,0.7245,0.8654,0.2607,0.0001,0.0632,0,0,0,0.7210,0.8582,0.2789,0.0033,0.0696,0,0,0
Beethoven/Piano_Sonatas/21-3/YOO05M,Beethoven,check,555.5,0.7479,0.8879,0.2752,0.0000,0.0706,0,0,0,0.7826,0.9062,0.2452,0.0000,0.0518,1,0,0
Beethoven/Piano_Sonatas/22-2/KOLESO04M,Beethoven,check,211.7,0.9701,0.9885,0.0684,0.0012,0.0000,0,0,0,0.9787,0.9984,0.0657,0.0000,0.0000,0,0,0
Beethoven/Piano_Sonatas/24-1/Lisiecki05M,Beethoven,tuning,428.8,0.9441,1.0000,0.1632,0.0000,0.0000,0,0,0,0.9506,1.0000,0.1576,0.0000,0.0000,0,0,0
Beethoven/Piano_Sonatas/24-1_no_2_repeat/Cui06M,Beethoven,check,276.1,0.8837,0.9849,0.1956,0.0000,0.0000,0,0,0,0.9123,0.9976,0.1910,0.0000,0.0000,0,0,0
Beethoven/Piano_Sonatas/24-1_no_2_repeat/DeTurck06M,Beethoven,tuning,277.4,0.9414,0.9896,0.1378,0.0043,0.0000,0,0,0,0.9383,0.9939,0.1320,0.0000,0.0000,0,0,0
Beethoven/Piano_Sonatas/24-1_no_repeat/Lou02M,Beethoven,tuning,225.4,0.9103,0.9796,0.1484,0.0000,0.0000,0,0,0,0.8921,0.9879,0.1361,0.0000,0.0000,0,0,0
Beethoven/Piano_Sonatas/26-1/HuNY02M,Beethoven,check,406.2,0.8015,0.9771,0.2436,0.0000,0.0000,0,0,0,0.8069,0.9716,0.2550,0.0026,0.0000,0,0,0
Beethoven/Piano_Sonatas/26-1/Sham03M,Beethoven,check,397.9,0.8293,0.9758,0.2526,0.0016,0.0039,0,0,0,0.8440,0.9897,0.2406,0.0000,0.0000,0,0,0
Beethoven/Piano_Sonatas/26-1/Zhdanov05M,Beethoven,tuning,393.1,0.8140,0.9670,0.2527,0.0015,0.0082,0,0,0,0.8178,0.9550,0.2520,0.0014,0.0159,0,0,0
Beethoven/Piano_Sonatas/26-1_no_repeat/Kim02M,Beethoven,check,336.3,0.8020,0.9680,0.2674,0.0019,0.0041,0,0,0,0.8277,0.9717,0.2608,0.0008,0.0041,0,0,0
Beethoven/Piano_Sonatas/26-2/HONG05M,Beethoven,check,207.0,0.9960,1.0000,0.0856,0.0000,0.0000,0,0,0,1.0000,1.0000,0.0690,0.0000,0.0000,0,0,0
Beethoven/Piano_Sonatas/26-2/LEE_K05M,Beethoven,tuning,224.0,0.9926,1.0000,0.0785,0.0000,0.0000,0,0,0,1.0000,1.0000,0.0739,0.0000,0.0000,0,0,0
Beethoven/Piano_Sonatas/26-3/Zhdanov05M,Beethoven,check,338.6,0.9010,0.9792,0.2028,0.0000,0.0001,0,0,0,0.9150,0.9813,0.1944,0.0000,0.0007,0,0,0
Beethoven/Piano_Sonatas/27-1/GiacomelliN04M,Beethoven,check,316.8,0.7811,0.9568,0.3759,0.0078,0.0000,0,0,0,0.8027,0.9609,0.3405,0.0080,0.0040,0,0,0
Beethoven/Piano_Sonatas/27-1/Ko05M,Beethoven,check,306.2,0.7410,0.9331,0.4311,0.0187,0.0036,0,0,0,0.7598,0.9430,0.4131,0.0119,0.0034,0,0,0
Beethoven/Piano_Sonatas/27-1/MiyashitaM02M,Beethoven,tuning,316.7,0.7833,0.9571,0.3402,0.0012,0.0000,0,0,0,0.8079,0.9479,0.3080,0.0044,0.0000,0,0,0
Beethoven/Piano_Sonatas/27-2/GiacomelliN05M,Beethoven,check,433.0,0.9365,0.9740,0.1204,0.0000,0.0019,0,0,0,0.9350,0.9724,0.1205,0.0000,0.0028,0,0,0
Beethoven/Piano_Sonatas/28-1/KimHJ02M,Beethoven,check,230.4,0.8998,0.9808,0.2502,0.0000,0.0000,0,0,0,0.9263,1.0000,0.2266,0.0000,0.0000,0,0,0
Beethoven/Piano_Sonatas/28-1/KyykhynenT06M,Beethoven,check,228.5,0.8342,0.9669,0.2651,0.0046,0.0000,0,0,0,0.8426,0.9752,0.2546,0.0000,0.0000,0,0,0
Beethoven/Piano_Sonatas/28-1/WangY04M,Beethoven,tuning,233.3,0.9027,0.9940,0.2107,0.0000,0.0000,0,0,0,0.8883,0.9900,0.2067,0.0000,0.0000,0,0,0
Beethoven/Piano_Sonatas/29-4/ChowK05M,Beethoven,check,671.3,0.9246,0.9869,0.1317,0.0075,0.0000,0,0,0,0.9217,0.9796,0.1312,0.0095,0.0000,0,0,0
Beethoven/Piano_Sonatas/3-1/Bult-ItoS03M,Beethoven,check,444.6,0.8587,0.9670,0.2069,0.0000,0.0066,0,0,0,0.8548,0.9783,0.1976,0.0000,0.0000,0,0,0
Beethoven/Piano_Sonatas/3-1/CaoJ02M,Beethoven,check,449.1,0.8692,0.9873,0.1906,0.0000,0.0000,0,0,0,0.8682,0.9851,0.1748,0.0000,0.0058,0,0,0
Beethoven/Piano_Sonatas/3-1/Lin05M,Beethoven,check,428.9,0.8287,0.9778,0.2190,0.0000,0.0000,0,0,0,0.8290,0.9816,0.2090,0.0000,0.0000,0,0,0
Beethoven/Piano_Sonatas/3-1/MiyashitaM03M,Beethoven,check,447.2,0.8577,0.9749,0.2176,0.0000,0.0000,0,0,0,0.8523,0.9749,0.2034,0.0000,0.0072,0,0,0
Beethoven/Piano_Sonatas/3-2/MiyashitaM04M,Beethoven,check,428.0,0.9832,1.0000,0.0828,0.0000,0.0000,0,0,0,0.9756,0.9994,0.0865,0.0000,0.0000,1,0,0
Beethoven/Piano_Sonatas/30-1/MaslovV02M,Beethoven,check,218.9,0.7892,0.8901,0.3187,0.0344,0.0000,0,0,0,0.8844,0.9502,0.1988,0.0000,0.0000,0,0,0
Beethoven/Piano_Sonatas/30-1/TanakaM06M,Beethoven,check,223.0,0.6956,0.8639,0.4002,0.0503,0.0000,0,0,0,0.8069,0.9002,0.2152,0.0360,0.0000,0,0,0
Beethoven/Piano_Sonatas/31-2/ADIG05M,Beethoven,check,136.8,0.6831,0.7944,0.4667,0.0927,0.0219,0,0,0,0.6995,0.8168,0.4164,0.1056,0.0007,1,0,0
Beethoven/Piano_Sonatas/4-1/Chon03M,Beethoven,check,331.0,0.8010,0.9479,0.2669,0.0047,0.0145,0,0,0,0.8018,0.9345,0.2598,0.0000,0.0270,0,0,0
Beethoven/Piano_Sonatas/4-1/LeeE02M,Beethoven,check,337.4,0.8262,0.9465,0.2329,0.0000,0.0209,0,0,0,0.8531,0.9627,0.2099,0.0000,0.0047,0,0,0
Beethoven/Piano_Sonatas/4-1/LiA04M,Beethoven,check,324.8,0.8439,0.9457,0.2130,0.0044,0.0094,0,0,0,0.8525,0.9607,0.2126,0.0002,0.0029,0,0,0
Beethoven/Piano_Sonatas/4-1/SirajA02M,Beethoven,check,332.2,0.8183,0.9348,0.2361,0.0085,0.0132,0,0,0,0.8460,0.9569,0.2154,0.0007,0.0162,0,0,0
Beethoven/Piano_Sonatas/7-1/Hebert01M,Beethoven,check,282.1,0.8550,0.9870,0.2321,0.0000,0.0003,0,0,0,0.8724,0.9916,0.2171,0.0000,0.0000,0,0,0
Beethoven/Piano_Sonatas/7-1/Larionova04M,Beethoven,check,300.9,0.8250,0.9676,0.2511,0.0082,0.0000,0,0,0,0.8553,0.9739,0.2324,0.0086,0.0000,0,0,0
Beethoven/Piano_Sonatas/7-1/LeeS02M,Beethoven,tuning,298.9,0.8400,0.9737,0.2780,0.0025,0.0000,0,0,0,0.8460,0.9828,0.2700,0.0009,0.0000,0,0,0
Beethoven/Piano_Sonatas/7-1/Wang02M,Beethoven,check,277.2,0.7735,0.9590,0.3043,0.0001,0.0105,0,0,0,0.8061,0.9795,0.2838,0.0000,0.0113,0,0,0
Beethoven/Piano_Sonatas/7-1/WangY01M,Beethoven,check,303.1,0.8306,0.9754,0.2593,0.0031,0.0000,0,0,0,0.8502,0.9968,0.2553,0.0000,0.0000,0,0,0
Beethoven/Piano_Sonatas/7-1/ZhangE02M,Beethoven,check,287.9,0.8136,0.9658,0.2509,0.0000,0.0115,0,0,0,0.8392,0.9745,0.2267,0.0000,0.0040,0,0,0
Beethoven/Piano_Sonatas/7-4/Larionova04M,Beethoven,check,222.7,0.8629,0.9904,0.1849,0.0000,0.0000,0,0,0,0.8308,0.9699,0.1984,0.0000,0.0000,0,0,0
Beethoven/Piano_Sonatas/7-4/LeeS05M,Beethoven,tuning,233.8,0.7832,0.9701,0.2279,0.0000,0.0064,0,0,0,0.7841,0.9765,0.2202,0.0000,0.0053,0,0,0
Beethoven/Piano_Sonatas/8-1/Na06M,Beethoven,check,361.3,0.8512,0.9776,0.2427,0.0046,0.0000,0,0,0,0.8274,0.9702,0.2500,0.0082,0.0000,0,0,0
Beethoven/Piano_Sonatas/8-3/Na06M,Beethoven,tuning,257.7,0.8669,0.9813,0.2086,0.0000,0.0000,0,0,0,0.8792,0.9803,0.2023,0.0000,0.0000,0,0,0
Beethoven/Piano_Sonatas/9-1/Tysman05M,Beethoven,tuning,263.0,0.8748,0.9826,0.2466,0.0037,0.0000,0,0,0,0.8898,0.9686,0.2339,0.0000,0.0157,0,0,0
Beethoven/Piano_Sonatas/9-3/Tysman05M,Beethoven,tuning,193.2,0.7363,0.9279,0.3130,0.0000,0.0072,0,0,0,0.7493,0.9334,0.2898,0.0071,0.0031,0,0,0
Chopin/Ballades/1/BuiJL04M,Chopin,check,552.4,0.7158,0.9514,0.4707,0.0003,0.0098,0,0,0,0.7166,0.9476,0.4656,0.0043,0.0090,0,0,0
Chopin/Ballades/1/JIA06M,Chopin,tuning,546.6,0.6686,0.9472,0.5277,0.0023,0.0059,0,0,0,0.7099,0.9633,0.4605,0.0031,0.0036,0,0,0
Chopin/Ballades/1/KimSuyeon04M,Chopin,check,522.6,0.6493,0.9280,0.5467,0.0000,0.0224,0,0,0,0.6887,0.9436,0.4870,0.0000,0.0140,0,0,0
Chopin/Ballades/1/Mo07M,Chopin,check,584.5,0.6688,0.9200,0.5286,0.0131,0.0078,0,0,0,0.6857,0.9368,0.4966,0.0043,0.0037,0,0,0
Chopin/Ballades/1/Richardson13M,Chopin,check,506.6,0.6647,0.9471,0.5158,0.0000,0.0071,0,0,0,0.6632,0.9483,0.5095,0.0036,0.0067,0,0,0
Chopin/Ballades/1/Sladek04M,Chopin,check,497.7,0.6461,0.8885,0.5339,0.0000,0.0543,0,0,0,0.6682,0.9136,0.4759,0.0000,0.0355,1,0,0
Chopin/Ballades/1/Zhou06M,Chopin,check,533.8,0.6123,0.9221,0.6376,0.0000,0.0112,0,0,0,0.6609,0.9457,0.5372,0.0000,0.0088,0,0,0
Chopin/Ballades/2/Denisova17M,Chopin,tuning,337.7,0.7000,0.8970,0.4182,0.0353,0.0068,0,0,0,0.7154,0.9164,0.3945,0.0197,0.0025,1,0,0
Chopin/Ballades/2/Gasanov08M,Chopin,check,424.9,0.8715,0.9757,0.2222,0.0000,0.0000,0,0,0,0.8673,0.9791,0.2209,0.0000,0.0000,0,0,0
Chopin/Ballades/2/Tetzloff06M,Chopin,check,408.0,0.7327,0.9083,0.3458,0.0153,0.0122,0,0,0,0.7357,0.9124,0.3533,0.0187,0.0038,0,0,0
Chopin/Ballades/3/Ko11M,Chopin,check,415.6,0.7921,0.9107,0.2772,0.0427,0.0000,0,0,0,0.8298,0.9446,0.2499,0.0194,0.0000,1,0,0
Chopin/Ballades/3/LinPeng06M,Chopin,tuning,419.1,0.8355,0.9618,0.2456,0.0000,0.0000,0,0,0,0.8854,0.9855,0.2175,0.0000,0.0000,0,0,0
Chopin/Ballades/4/ChenC04M,Chopin,tuning,599.7,0.2784,0.3084,114.9913,0.0000,0.6831,0,0,0,0.5787,0.6549,0.5143,0.0000,0.3086,2,0,0
Chopin/Ballades/4/Kociuban07M,Chopin,check,643.9,0.2920,0.3184,106.9781,0.0000,0.6721,0,0,0,0.5760,0.6569,0.5813,0.0000,0.3202,2,0,0
Chopin/Ballades/4/Levitsky18M,Chopin,check,625.8,0.2887,0.3143,103.1570,0.0000,0.6802,0,0,0,0.6232,0.7009,0.4652,0.0000,0.2705,1,0,0
Chopin/Ballades/4/LuEric04M,Chopin,check,653.5,0.2176,0.2810,107.5771,0.0000,0.6943,0,0,0,0.6328,0.7378,0.4181,0.0193,0.1999,3,0,0
Chopin/Ballades/4/MiyashitaM04M,Chopin,check,637.3,0.2544,0.3021,116.3377,0.0000,0.6910,0,0,0,0.5645,0.6403,0.5743,0.0000,0.3482,4,3,0
Chopin/Ballades/4/Mizumoto02M,Chopin,check,650.2,0.2742,0.3091,115.1485,0.0000,0.6852,0,0,0,0.5598,0.6500,0.5374,0.0000,0.3180,1,0,0
Chopin/Ballades/4/Nikiforov13M,Chopin,check,611.8,0.2735,0.2962,96.2209,0.0000,0.6985,0,0,0,0.6113,0.7094,0.5152,0.0000,0.2616,4,0,0
Chopin/Berceuse_op_57/LeungM07M,Chopin,check,253.9,0.9686,0.9992,0.1058,0.0000,0.0000,0,0,0,0.9607,1.0000,0.1108,0.0000,0.0000,0,0,0
Chopin/Berceuse_op_57/MiyashitaM06M,Chopin,check,267.0,0.9883,1.0000,0.1015,0.0000,0.0000,0,0,0,0.9560,0.9810,0.1050,0.0000,0.0000,0,0,0
Chopin/Berceuse_op_57/Tario07M,Chopin,check,249.3,0.8368,0.9524,0.1456,0.0000,0.0000,0,0,0,0.8474,0.9263,0.1488,0.0306,0.0000,1,0,0
Chopin/Berceuse_op_57/Teo11M,Chopin,check,289.7,0.9671,0.9965,0.1053,0.0000,0.0000,0,0,0,0.9455,0.9956,0.1091,0.0000,0.0000,0,0,0
Chopin/Berceuse_op_57/ZhangE09M,Chopin,check,258.6,0.9731,1.0000,0.1053,0.0000,0.0000,0,0,0,0.9591,0.9806,0.1060,0.0000,0.0000,0,0,0
Chopin/Etudes_op_10/1/ChenW03M,Chopin,check,112.1,0.9226,1.0000,0.1825,0.0000,0.0000,0,0,0,0.9029,1.0000,0.2032,0.0000,0.0000,0,0,0
Chopin/Etudes_op_10/1/KaiRuiR03M,Chopin,check,118.8,0.8714,0.9967,0.2321,0.0000,0.0000,0,0,0,0.8522,0.9965,0.2570,0.0000,0.0000,0,0,0
Chopin/Etudes_op_10/1/LiYZ02M,Chopin,check,110.5,0.8920,1.0000,0.1793,0.0000,0.0000,0,0,0,0.8939,1.0000,0.1671,0.0000,0.0000,0,0,0
Chopin/Etudes_op_10/1/MunA07M,Chopin,tuning,102.1,0.8089,1.0000,0.2911,0.0000,0.0000,0,0,0,0.8132,1.0000,0.3019,0.0000,0.0000,0,0,0
Chopin/Etudes_op_10/1/SunY03M,Chopin,check,110.9,0.8821,1.0000,0.1840,0.0000,0.0000,0,0,0,0.8480,0.9987,0.2121,0.0000,0.0000,0,0,0
Chopin/Etudes_op_10/1/YeF03M,Chopin,check,108.8,0.8930,0.9908,0.1973,0.0000,0.0000,0,0,0,0.8849,1.0000,0.2260,0.0000,0.0000,0,0,0
Chopin/Etudes_op_10/1/YuP02M,Chopin,check,112.2,0.7977,0.9979,0.3397,0.0000,0.0000,0,0,0,0.7861,0.9954,0.3620,0.0000,0.0000,0,0,0
Chopin/Etudes_op_10/10/WangH02M,Chopin,tuning,119.8,0.7106,0.9192,0.4988,0.0000,0.0360,0,0,0,0.6980,0.9336,0.5297,0.0000,0.0351,1,0,0
Chopin/Etudes_op_10/12/Bult-ItoS04M,Chopin,check,153.7,0.9400,0.9950,0.1749,0.0000,0.0000,0,0,0,0.9459,1.0000,0.1651,0.0000,0.0000,0,0,0
Chopin/Etudes_op_10/12/HuNY03M,Chopin,tuning,156.5,0.9224,0.9967,0.1774,0.0000,0.0000,0,0,0,0.9397,1.0000,0.1672,0.0000,0.0000,0,0,0
Chopin/Etudes_op_10/12/LuoJ08M,Chopin,check,134.9,0.9203,0.9957,0.1747,0.0000,0.0000,0,0,0,0.9300,0.9948,0.1672,0.0000,0.0000,0,0,0
Chopin/Etudes_op_10/12/WuuE06M,Chopin,check,149.4,0.9632,0.9977,0.1213,0.0000,0.0000,0,0,0,0.9643,0.9998,0.1163,0.0000,0.0000,0,0,0
Chopin/Etudes_op_10/12/ZhangYunling02M,Chopin,check,136.9,0.9388,0.9937,0.1479,0.0000,0.0000,0,0,0,0.9452,1.0000,0.1468,0.0000,0.0000,0,0,0
Chopin/Etudes_op_10/2/Hebert03M,Chopin,check,67.4,0.8887,0.9900,0.0998,0.0000,0.0000,0,0,0,0.8970,0.9855,0.1006,0.0000,0.0000,0,0,0
Chopin/Etudes_op_10/2/JeonH02M,Chopin,check,78.0,0.9738,0.9937,0.0564,0.0000,0.0000,0,0,0,0.9979,1.0000,0.0539,0.0000,0.0000,0,0,0
Chopin/Etudes_op_10/4/Duepree06M,Chopin,check,120.9,0.8915,0.9652,0.1212,0.0102,0.0000,0,0,0,0.9364,0.9971,0.1064,0.0000,0.0000,0,0,0
Chopin/Etudes_op_10/4/Knoll03M,Chopin,check,108.5,0.9289,0.9822,0.1055,0.0000,0.0000,0,0,0,0.9531,1.0000,0.1003,0.0000,0.0000,0,0,0
Chopin/Etudes_op_10/4/Kurz03M,Chopin,check,120.2,0.9284,0.9591,0.1264,0.0075,0.0000,0,0,0,0.9726,0.9944,0.1122,0.0000,0.0000,0,0,0
Chopin/Etudes_op_10/4/LeeSH03M,Chopin,check,112.8,0.9627,0.9751,0.0966,0.0008,0.0000,0,0,0,0.9936,0.9992,0.0921,0.0000,0.0000,0,0,0
Chopin/Etudes_op_10/4/Richardson_2013_03M,Chopin,check,116.4,0.9615,0.9825,0.0906,0.0000,0.0000,0,0,0,0.9878,1.0000,0.0822,0.0000,0.0000,0,0,0
Chopin/Etudes_op_10/4/Sladek03M,Chopin,check,112.2,0.9087,0.9609,0.1357,0.0095,0.0000,0,0,0,0.9319,0.9899,0.1268,0.0000,0.0000,0,0,0
Chopin/Etudes_op_10/4/Yi03M,Chopin,tuning,122.1,0.9207,0.9621,0.1396,0.0049,0.0000,0,0,0,0.9635,0.9943,0.1193,0.0000,0.0000,0,0,0
Chopin/Etudes_op_10/4/ZhangE03M,Chopin,check,109.5,0.9432,0.9650,0.0932,0.0125,0.0000,0,0,0,0.9750,1.0000,0.0851,0.0000,0.0000,0,0,0
Chopin/Etudes_op_10/4/ZhaoA03M,Chopin,check,119.7,0.9629,0.9728,0.0973,0.0014,0.0000,0,0,0,0.9938,1.0000,0.0922,0.0000,0.0000,0,0,0
Chopin/Etudes_op_10/5/LiA03M,Chopin,tuning,88.7,0.8856,0.9599,0.1800,0.0000,0.0000,0,0,0,0.8861,0.9584,0.1845,0.0000,0.0000,0,0,0
Chopin/Etudes_op_10/5/LiC02M,Chopin,check,92.9,0.8313,0.8858,0.1752,0.0325,0.0040,0,0,0,0.8806,0.9495,0.1622,0.0000,0.0000,0,0,0
Chopin/Etudes_op_10/5/ZhangW03M,Chopin,check,96.3,0.8826,0.9330,0.1188,0.0000,0.0176,0,0,0,0.9094,0.9600,0.1126,0.0000,0.0036,0,0,0
Chopin/Etudes_op_10/8/KyykhynenT09M,Chopin,check,147.9,0.9328,0.9697,0.1036,0.0104,0.0000,0,0,0,0.9491,0.9961,0.1016,0.0000,0.0000,0,0,0
Chopin/Etudes_op_10/8/Lou03M,Chopin,check,142.2,0.8862,0.9538,0.1410,0.0085,0.0015,0,0,0,0.8861,0.9747,0.1412,0.0000,0.0020,0,0,0
Chopin/Etudes_op_10/8/LuEric03M,Chopin,check,122.9,0.9307,0.9957,0.1022,0.0000,0.0000,0,0,0,0.9358,0.9960,0.1029,0.0000,0.0000,0,0,0
Chopin/Etudes_op_10/8/MiyashitaM05M,Chopin,check,137.2,0.9484,0.9770,0.1076,0.0056,0.0000,0,0,0,0.9628,0.9986,0.1074,0.0000,0.0000,0,0,0
Chopin/Etudes_op_10/8/Rizikov03M,Chopin,check,146.3,0.6863,0.8841,0.3811,0.0157,0.0213,0,0,0,0.6890,0.9084,0.3844,0.0000,0.0273,0,0,0
Chopin/Etudes_op_10/8/Tetzloff07M,Chopin,tuning,133.8,0.6305,0.9153,0.5999,0.0125,0.0000,0,0,0,0.5932,0.9287,0.7250,0.0000,0.0000,0,0,0
Chopin/Etudes_op_10/8/Zhou03M,Chopin,check,129.8,0.7935,0.9708,0.1986,0.0077,0.0000,0,0,0,0.7989,0.9952,0.2147,0.0000,0.0000,0,0,0
Chopin/Etudes_op_25/1/LeeN03M,Chopin,check,131.6,0.8782,1.0000,0.1870,0.0000,0.0000,0,0,0,0.9130,1.0000,0.1866,0.0000,0.0000,0,0,0
Chopin/Etudes_op_25/1/TongB02M,Chopin,check,143.0,0.8327,1.0000,0.3449,0.0000,0.0000,0,0,0,0.7897,0.9938,0.3809,0.0000,0.0000,0,0,0
Chopin/Etudes_op_25/1/TuanS04M,Chopin,check,138.5,0.7823,0.9844,0.4274,0.0000,0.0000,0,0,0,0.7642,0.9836,0.4385,0.0000,0.0000,0,0,0
Chopin/Etudes_op_25/1/Wong03M,Chopin,check,132.9,0.7683,0.9804,0.4457,0.0000,0.0000,0,0,0,0.7445,0.9684,0.4625,0.0000,0.0000,0,0,0
Chopin/Etudes_op_25/10/Guo02M,Chopin,tuning,239.3,0.8912,0.9846,0.1915,0.0000,0.0000,0,0,0,0.9227,0.9940,0.1691,0.0000,0.0000,0,0,0
Chopin/Etudes_op_25/10/Ozel05M,Chopin,check,243.8,0.9421,0.9967,0.1399,0.0000,0.0000,0,0,0,0.9581,0.9921,0.1230,0.0000,0.0000,0,0,0
Chopin/Etudes_op_25/10/WangA03M,Chopin,check,232.1,0.9521,0.9912,0.1485,0.0000,0.0000,0,0,0,0.9535,0.9991,0.1385,0.0000,0.0000,0,0,0
Chopin/Etudes_op_25/11/KimSuyeon03M,Chopin,check,192.3,0.7348,0.9161,0.4077,0.0000,0.0016,0,0,0,0.7760,0.9249,0.3262,0.0000,0.0000,0,0,0
Chopin/Etudes_op_25/11/KyykhynenT10M,Chopin,check,220.6,0.7808,0.9536,0.2952,0.0000,0.0000,0,0,0,0.8064,0.9595,0.2790,0.0000,0.0014,0,0,0
Chopin/Etudes_op_25/11/Lisiecki07M,Chopin,check,237.6,0.8446,0.9756,0.2084,0.0000,0.0000,0,0,0,0.8346,0.9682,0.2310,0.0000,0.0007,0,0,0
Chopin/Etudes_op_25/11/MiyashitaM03M,Chopin,tuning,218.9,0.8820,0.9837,0.1270,0.0000,0.0000,0,0,0,0.9260,1.0000,0.1157,0.0000,0.0000,0,0,0
Chopin/Etudes_op_25/11/Richardson_2013_08M,Chopin,check,192.8,0.8046,0.9625,0.2680,0.0000,0.0000,0,0,0,0.8302,0.9763,0.2453,0.0000,0.0000,0,0,0
Chopin/Etudes_op_25/11/Richardson_2015_03M,Chopin,check,216.5,0.9425,1.0000,0.1182,0.0000,0.0000,0,0,0,0.9400,1.0000,0.1099,0.0000,0.0000,0,0,0
Chopin/Etudes_op_25/11/Sham02M,Chopin,check,212.2,0.8028,0.9555,0.2524,0.0000,0.0000,0,0,0,0.8169,0.9595,0.2310,0.0000,0.0000,0,0,0
Chopin/Etudes_op_25/11/Shychko03M,Chopin,check,199.2,0.7064,0.9303,0.4245,0.0000,0.0000,0,0,0,0.7532,0.9282,0.3510,0.0000,0.0000,0,0,0
Chopin/Etudes_op_25/11/Song02M,Chopin,check,219.5,0.8469,0.9880,0.2521,0.0000,0.0000,0,0,0,0.8512,0.9847,0.2648,0.0000,0.0000,0,0,0
Chopin/Etudes_op_25/11/WangA02M,Chopin,check,210.4,0.9267,1.0000,0.1102,0.0000,0.0000,0,0,0,0.9390,1.0000,0.1008,0.0000,0.0000,0,0,0
Chopin/Etudes_op_25/12/BorickC04M,Chopin,check,151.2,0.1420,0.7889,2.2030,0.0000,0.0000,0,0,0,0.1675,0.7993,2.1479,0.0000,0.0000,0,0,0
Chopin/Etudes_op_25/12/HouKimberly03M,Chopin,tuning,133.9,0.2022,0.8521,2.0991,0.0000,0.0000,0,0,0,0.2230,0.8490,2.0467,0.0000,0.0000,0,0,0
Chopin/Etudes_op_25/12/LuA04M,Chopin,check,135.7,0.1025,0.7569,2.2205,0.0000,0.0000,0,0,0,0.1244,0.7822,2.1570,0.0000,0.0000,0,0,0
Chopin/Etudes_op_25/5/Levitsky10M,Chopin,tuning,180.4,0.7153,0.8775,0.3539,0.0337,0.0221,0,0,0,0.7450,0.8938,0.3463,0.0300,0.0237,0,0,0
Chopin/Polonaises/53/Chon08M,Chopin,check,378.8,0.7532,0.9044,0.2217,0.0043,0.0246,0,0,0,0.8012,0.9321,0.1974,0.0000,0.0178,2,0,0
Chopin/Polonaises/53/YeF11M,Chopin,tuning,454.9,0.7842,0.9196,0.1953,0.0000,0.0248,0,0,0,0.8226,0.9258,0.1679,0.0000,0.0300,1,0,0
Chopin/Scherzos/20/Kurz04M,Chopin,check,503.3,0.6945,0.8890,0.4194,0.0152,0.0060,0,0,0,0.6997,0.9001,0.4162,0.0152,0.0066,0,0,0
Chopin/Scherzos/20/ZhangYunling04M,Chopin,tuning,522.4,0.7077,0.9222,0.4254,0.0080,0.0027,0,0,0,0.7128,0.9320,0.4131,0.0058,0.0025,0,0,0
Chopin/Scherzos/39/Arciglione13M,Chopin,tuning,429.8,0.5564,0.8120,0.8001,0.0412,0.0376,0,0,0,0.5649,0.8261,0.7811,0.0296,0.0312,0,0,0
Chopin/Scherzos/39/Bult-ItoS05M,Chopin,check,415.3,0.6280,0.8316,0.5950,0.0050,0.0607,0,0,0,0.6328,0.8365,0.5846,0.0048,0.0759,0,0,0
Chopin/Sonata_2/4th/KaszoS16M,Chopin,tuning,79.3,0.7779,0.8977,0.2308,0.0000,0.0645,0,0,0,0.7492,0.8828,0.2787,0.0000,0.0665,0,0,0
Chopin/Sonata_3/4th/GarritsonL11M,Chopin,tuning,252.3,0.7053,0.8928,0.3987,0.0000,0.0274,0,0,0,0.6855,0.8856,0.4397,0.0025,0.0202,1,0,0
Chopin/Sonata_3/4th/HuangSW06M,Chopin,check,297.7,0.7827,0.9513,0.3257,0.0000,0.0051,0,0,0,0.7637,0.9481,0.3446,0.0000,0.0063,0,0,0
Chopin/Sonata_3/4th/KimSJ10M,Chopin,check,336.8,0.9018,0.9824,0.1740,0.0000,0.0004,0,0,0,0.8928,0.9708,0.1767,0.0000,0.0057,0,0,0
Chopin/Sonata_3/4th/KimSY23M,Chopin,check,323.1,0.8766,0.9697,0.1857,0.0000,0.0084,0,0,0,0.8770,0.9651,0.1870,0.0000,0.0122,0,0,0
Glinka/The_Lark/Denisova10M,Glinka,tuning,323.9,0.7398,0.9370,0.3243,0.0000,0.0017,0,0,0,0.7677,0.9518,0.2946,0.0000,0.0000,0,0,0
Glinka/The_Lark/Kleisen07M,Glinka,check,288.8,0.7628,0.9569,0.2872,0.0000,0.0003,0,0,0,0.7856,0.9617,0.2729,0.0000,0.0004,0,0,0
Haydn/Keyboard_Sonatas/31-1/Song05M,Haydn,tuning,187.5,0.9372,0.9720,0.1043,0.0053,0.0000,0,0,0,0.9697,1.0000,0.0932,0.0000,0.0000,0,0,0
Haydn/Keyboard_Sonatas/39-1/Yarden07M,Haydn,tuning,203.5,0.8286,0.8587,0.1291,0.1029,0.0000,0,0,0,0.9022,0.9338,0.1082,0.0423,0.0000,0,0,0
Haydn/Keyboard_Sonatas/39-3/Yarden07M,Haydn,tuning,249.5,0.9234,0.9994,0.1825,0.0000,0.0000,0,0,0,0.9126,0.9991,0.1900,0.0000,0.0000,0,0,0
Haydn/Keyboard_Sonatas/46-1/WongWY02M,Haydn,tuning,359.8,0.8976,0.9843,0.1193,0.0048,0.0000,0,0,0,0.8971,0.9992,0.1131,0.0000,0.0000,0,0,0
Haydn/Keyboard_Sonatas/46-1/YuP03M,Haydn,check,347.6,0.8902,0.9973,0.1279,0.0000,0.0000,0,0,0,0.8978,0.9983,0.1223,0.0000,0.0000,0,0,0
Haydn/Keyboard_Sonatas/48-1/GarritsonL02M,Haydn,tuning,479.3,0.9185,0.9921,0.2005,0.0000,0.0000,0,0,0,0.9423,0.9936,0.1757,0.0000,0.0000,0,0,0
Haydn/Keyboard_Sonatas/48-1/PrjevalskayaM02M,Haydn,check,406.4,0.9489,0.9977,0.1856,0.0000,0.0000,0,0,0,0.9571,0.9993,0.1757,0.0000,0.0000,0,0,0
Haydn/Keyboard_Sonatas/48-2/GarritsonL03M,Haydn,check,212.6,0.9389,0.9776,0.1966,0.0000,0.0072,0,0,0,0.9334,0.9749,0.2027,0.0000,0.0078,0,0,0
Haydn/Keyboard_Sonatas/48-2/PrjevalskayaM03M,Haydn,tuning,234.2,0.9696,0.9900,0.1786,0.0000,0.0026,0,0,0,0.9629,0.9895,0.1820,0.0000,0.0033,0,0,0
Haydn/Keyboard_Sonatas/50-1_no_repeat/GalantM02M,Haydn,check,325.3,0.9280,0.9934,0.0974,0.0000,0.0000,0,0,0,0.9472,0.9964,0.0928,0.0000,0.0000,0,0,0
Haydn/Keyboard_Sonatas/50-1_no_repeat/HamSY02M,Haydn,tuning,306.9,0.8886,0.9888,0.1082,0.0000,0.0000,0,0,0,0.9284,0.9994,0.0963,0.0000,0.0000,0,0,0
Haydn/Keyboard_Sonatas/50-1_no_repeat/Huang05M,Haydn,check,324.5,0.8802,0.9898,0.1069,0.0000,0.0000,0,0,0,0.9062,0.9966,0.1014,0.0000,0.0000,0,0,0
Haydn/Keyboard_Sonatas/50-1_no_repeat/JeonH03M,Haydn,check,324.5,0.8985,0.9946,0.0988,0.0000,0.0000,0,0,0,0.9144,0.9985,0.0902,0.0000,0.0000,0,0,0
Haydn/Keyboard_Sonatas/50-1_no_repeat/KARYAG06M,Haydn,check,301.8,0.9237,0.9892,0.0999,0.0000,0.0000,0,0,0,0.9488,0.9966,0.0971,0.0000,0.0000,0,0,0
Haydn/Keyboard_Sonatas/50-1_no_repeat/Shi07M,Haydn,check,323.4,0.9147,0.9803,0.0949,0.0000,0.0000,0,0,0,0.9427,0.9951,0.0909,0.0000,0.0000,0,0,0
Haydn/Keyboard_Sonatas/50-1_no_repeat/YoungS02M,Haydn,check,313.2,0.8851,0.9815,0.1031,0.0000,0.0000,0,0,0,0.9282,0.9952,0.0950,0.0000,0.0000,0,0,0
Liszt/Annees_de_pelerinage_2/1_Gondoliera/LeungM08M,Liszt,check,270.8,0.8018,0.9510,0.2582,0.0351,0.0000,0,0,0,0.7977,0.9320,0.2592,0.0366,0.0000,0,0,0
Liszt/Annees_de_pelerinage_2/1_Gondoliera/LeungM12M,Liszt,tuning,289.2,0.7940,0.9654,0.3033,0.0145,0.0000,0,0,0,0.7847,0.9279,0.3044,0.0374,0.0000,0,0,0
Liszt/Ballade_2/GarritsonL04M,Liszt,tuning,849.6,0.2500,0.4001,23.1814,0.0092,0.5458,0,0,0,0.4467,0.6644,1.3071,0.0019,0.2757,7,1,0
Liszt/Ballade_2/Jin07M,Liszt,check,741.0,0.2881,0.4196,38.9676,0.0126,0.5444,0,0,0,0.2918,0.4191,39.0610,0.0028,0.5572,6,5,0
Liszt/Ballade_2/Min06M,Liszt,check,739.1,0.2663,0.3795,36.2989,0.0268,0.5554,0,0,0,0.2683,0.4005,26.5519,0.0013,0.5573,7,5,0
Liszt/Concert_Etude_S145/1/Kleisen06M,Liszt,check,214.0,0.8792,0.9932,0.1576,0.0000,0.0000,0,0,0,0.8782,0.9999,0.1587,0.0000,0.0000,0,0,0
Liszt/Concert_Etude_S145/1/Woo06M,Liszt,tuning,226.4,0.8366,0.9556,0.1645,0.0000,0.0088,0,0,0,0.8459,0.9645,0.1682,0.0000,0.0089,0,0,0
Liszt/Concert_Etude_S145/2/Lu03M,Liszt,check,153.6,0.8263,0.9233,0.2267,0.0142,0.0277,0,0,0,0.8669,0.9428,0.2063,0.0000,0.0340,0,0,0
Liszt/Concert_Etude_S145/2/Tario06M,Liszt,tuning,166.5,0.7625,0.9165,0.3602,0.0197,0.0036,0,0,0,0.7734,0.9495,0.3417,0.0000,0.0088,0,0,0
Liszt/Gran_Etudes_de_Paganini/2_La_campanella/BuiJL03M,Liszt,check,278.3,0.9153,0.9716,0.1353,0.0109,0.0000,0,0,0,0.9115,0.9705,0.1408,0.0083,0.0000,0,0,0
Liszt/Gran_Etudes_de_Paganini/2_La_campanella/LeungR04M,Liszt,check,281.4,0.9135,0.9711,0.1216,0.0089,0.0000,0,0,0,0.9333,0.9833,0.1197,0.0054,0.0000,0,0,0
Liszt/Gran_Etudes_de_Paganini/2_La_campanella/Levitsky06M,Liszt,check,269.9,0.8849,0.9639,0.1323,0.0104,0.0000,0,0,0,0.8902,0.9619,0.1313,0.0108,0.0000,0,0,0
Liszt/Gran_Etudes_de_Paganini/2_La_campanella/Lin07M,Liszt,check,263.7,0.8803,0.9672,0.1583,0.0084,0.0000,0,0,0,0.8843,0.9662,0.1613,0.0062,0.0000,0,0,0
Liszt/Gran_Etudes_de_Paganini/2_La_campanella/LiuC05M,Liszt,check,259.3,0.8493,0.9680,0.1807,0.0094,0.0000,0,0,0,0.8590,0.9686,0.1794,0.0066,0.0000,0,0,0
Liszt/Gran_Etudes_de_Paganini/2_La_campanella/LiuY03M,Liszt,check,261.4,0.8745,0.9586,0.1400,0.0086,0.0000,0,0,0,0.8864,0.9639,0.1426,0.0056,0.0000,0,0,0
Liszt/Gran_Etudes_de_Paganini/2_La_campanella/MunA08M,Liszt,tuning,259.6,0.8679,0.9618,0.1398,0.0108,0.0000,0,0,0,0.8603,0.9523,0.1446,0.0109,0.0000,0,0,0
Liszt/Gran_Etudes_de_Paganini/2_La_campanella/VuV06M,Liszt,check,274.7,0.8953,0.9748,0.1388,0.0086,0.0000,0,0,0,0.9114,0.9817,0.1336,0.0060,0.0000,0,0,0
Liszt/Gran_Etudes_de_Paganini/2_La_campanella/Yang05M,Liszt,check,246.9,0.7757,0.8736,0.1987,0.0937,0.0000,0,0,0,0.8442,0.9566,0.1659,0.0062,0.0000,0,0,0
Liszt/Gran_Etudes_de_Paganini/2_La_campanella/ZhangH07M,Liszt,check,266.2,0.8716,0.9552,0.1592,0.0092,0.0000,0,0,0,0.8594,0.9438,0.1715,0.0120,0.0000,0,0,0
Liszt/Gran_Etudes_de_Paganini/6_Theme_and_Variations/WangA07M,Liszt,tuning,277.7,0.8779,0.9610,0.1748,0.0042,0.0000,0,0,0,0.8583,0.9462,0.1827,0.0085,0.0000,0,0,0
Liszt/Gran_Etudes_de_Paganini/6_Theme_and_Variations_repeat/KanM09M,Liszt,tuning,338.5,0.8664,0.9693,0.1772,0.0083,0.0000,0,0,0,0.8817,0.9743,0.1653,0.0032,0.0001,0,0,0
Liszt/Hungarian_Rhapsodies/6/LiA09M,Liszt,tuning,385.7,0.7614,0.9523,0.3535,0.0069,0.0000,0,0,0,0.8157,0.9634,0.2757,0.0058,0.0000,0,0,0
Liszt/Transcendental_Etudes/1/Huang13M,Liszt,check,47.6,0.7178,0.9927,0.6087,0.0000,0.0000,0,0,0,0.7671,1.0000,0.4811,0.0000,0.0000,0,0,0
Liszt/Transcendental_Etudes/1/LuoJ05M,Liszt,tuning,40.7,0.6051,0.9470,0.4947,0.0000,0.0000,0,0,0,0.6627,0.9613,0.3846,0.0000,0.0000,0,0,0
Liszt/Transcendental_Etudes/10/CaoJ03M,Liszt,check,264.2,0.8827,0.9604,0.1353,0.0192,0.0023,0,0,0,0.8972,0.9662,0.1340,0.0198,0.0000,0,0,0
Liszt/Transcendental_Etudes/10/Huang17M,Liszt,tuning,297.2,0.8904,0.9450,0.1696,0.0277,0.0000,0,0,0,0.9105,0.9579,0.1560,0.0229,0.0000,0,0,0
Liszt/Transcendental_Etudes/10/LeungM06M,Liszt,check,231.6,0.9105,0.9521,0.1503,0.0287,0.0000,0,0,0,0.9067,0.9555,0.1561,0.0215,0.0000,0,0,0
Liszt/Transcendental_Etudes/11/Huang18M,Liszt,tuning,591.4,0.7311,0.9934,0.3897,0.0000,0.0000,0,0,0,0.7568,0.9898,0.3463,0.0000,0.0000,0,0,0
Liszt/Transcendental_Etudes/3/Huang14M,Liszt,tuning,250.1,0.8725,0.9674,0.2222,0.0000,0.0000,0,0,0,0.8879,0.9830,0.2089,0.0000,0.0012,0,0,0
Liszt/Transcendental_Etudes/5/Huang16M,Liszt,tuning,224.3,0.8655,0.9308,0.1177,0.0328,0.0000,0,0,0,0.8947,0.9552,0.0901,0.0119,0.0000,0,0,0
Liszt/Transcendental_Etudes/5/LiuY06M,Liszt,check,218.9,0.9134,0.9631,0.0970,0.0078,0.0000,0,0,0,0.9285,0.9690,0.0831,0.0059,0.0000,0,0,0
Liszt/Transcendental_Etudes/5/Min03M,Liszt,check,206.1,0.9521,0.9850,0.0811,0.0000,0.0000,0,0,0,0.9638,0.9914,0.0752,0.0000,0.0000,0,0,0
Liszt/Transcendental_Etudes/5/Park03M,Liszt,check,241.5,0.8337,0.9207,0.1410,0.0287,0.0000,0,0,0,0.8903,0.9545,0.1116,0.0160,0.0000,0,0,0
Liszt/Transcendental_Etudes/5/Wang06M,Liszt,check,213.5,0.9156,0.9748,0.0855,0.0117,0.0000,0,0,0,0.9335,0.9852,0.0769,0.0053,0.0000,0,0,0
Liszt/Transcendental_Etudes/5/WangY02M,Liszt,check,211.0,0.9203,0.9695,0.0986,0.0067,0.0000,0,0,0,0.9331,0.9727,0.0870,0.0055,0.0000,0,0,0
Mozart/Piano_Sonatas/12-1/MunA03M,Mozart,tuning,271.6,0.8540,0.9789,0.1982,0.0000,0.0021,0,0,0,0.8560,0.9762,0.1961,0.0000,0.0057,0,0,0
Mozart/Piano_Sonatas/12-1/WuuE02M,Mozart,check,291.8,0.8778,0.9943,0.1843,0.0000,0.0000,0,0,0,0.8831,0.9946,0.1877,0.0000,0.0000,0,0,0
Mozart/Piano_Sonatas/12-3/MunA05M,Mozart,tuning,287.0,0.8866,0.9702,0.1275,0.0000,0.0045,0,0,0,0.8776,0.9652,0.1323,0.0000,0.0064,0,0,0
Mozart/Piano_Sonatas/12-3/WuuE04M,Mozart,check,304.5,0.8882,0.9873,0.1343,0.0000,0.0000,0,0,0,0.9005,0.9970,0.1322,0.0000,0.0000,0,0,0
Rachmaninoff/Preludes_op_23/4/ChenGuang12M,Rachmaninoff,tuning,274.5,0.9228,0.9997,0.1835,0.0000,0.0000,0,0,0,0.9105,0.9993,0.1812,0.0000,0.0000,0,0,0
Rachmaninoff/Preludes_op_23/4/WuuE07M,Rachmaninoff,check,251.5,0.8915,0.9963,0.1932,0.0000,0.0000,0,0,0,0.9122,1.0000,0.1883,0.0000,0.0000,0,0,0
Rachmaninoff/Preludes_op_23/6/Nikiforov14M,Rachmaninoff,tuning,159.6,0.9591,1.0000,0.1424,0.0000,0.0000,0,0,0,0.9584,1.0000,0.1451,0.0000,0.0000,0,0,0
Rachmaninoff/Preludes_op_32/5/Namirovsky06M,Rachmaninoff,tuning,160.7,0.7812,0.9595,0.1559,0.0000,0.0000,0,0,0,0.8092,0.9503,0.1440,0.0000,0.0035,0,0,0
Schubert/Impromptu_op.90_D.899/1/Duepree08M,Schubert,check,522.5,0.1779,0.2642,93.7240,0.0072,0.6986,0,0,0,0.7443,0.9656,0.3686,0.0064,0.0000,0,0,0
Schubert/Impromptu_op.90_D.899/1/Jin05M,Schubert,check,512.6,0.4968,0.6798,1.0185,0.0063,0.2383,0,0,0,0.7048,0.8904,0.3910,0.0017,0.0390,1,0,0
Schubert/Impromptu_op.90_D.899/1/Teo06M,Schubert,tuning,560.0,0.7646,0.9387,0.3132,0.0000,0.0091,0,0,0,0.7590,0.9013,0.3087,0.0000,0.0747,2,0,0
Schubert/Impromptu_op.90_D.899/2/Denisova11M,Schubert,check,221.9,0.2000,0.3946,4.4871,0.0000,0.4156,0,0,0,0.1570,0.3481,5.7479,0.0000,0.4902,0,0,0
Schubert/Impromptu_op.90_D.899/2/FaB06M,Schubert,check,274.0,0.7452,0.8692,0.3265,0.0012,0.0769,0,0,0,0.7578,0.8926,0.3381,0.0000,0.0773,1,0,0
Schubert/Impromptu_op.90_D.899/2/HuNY06M,Schubert,tuning,286.0,0.2780,0.3205,63.9056,0.0051,0.6413,0,0,0,0.5429,0.6525,0.6990,0.0000,0.2767,1,0,0
Schubert/Impromptu_op.90_D.899/2/KaiRuiR05M,Schubert,check,286.3,0.6947,0.8849,0.5307,0.0000,0.0260,0,0,0,0.6786,0.8878,0.5784,0.0000,0.0258,0,0,0
Schubert/Impromptu_op.90_D.899/2/Levitsky09M,Schubert,check,263.5,0.5115,0.7041,0.9350,0.0050,0.1670,0,0,0,0.4906,0.6822,1.0577,0.0000,0.1948,0,0,0
Schubert/Impromptu_op.90_D.899/2/Nikiforov09M,Schubert,check,273.4,0.1363,0.1962,77.4868,0.0009,0.7731,0,0,0,0.5055,0.7644,0.9750,0.0000,0.1370,3,0,0
Schubert/Impromptu_op.90_D.899/3/Hou06M,Schubert,check,312.5,0.4988,0.9452,1.0026,0.0000,0.0071,0,0,0,0.4412,0.9228,1.2113,0.0000,0.0000,0,0,0
Schubert/Impromptu_op.90_D.899/3/JeonH06M,Schubert,check,361.6,0.5646,0.9565,0.7757,0.0000,0.0031,0,0,0,0.5928,0.9714,0.7105,0.0000,0.0025,0,0,0
Schubert/Impromptu_op.90_D.899/3/Ko08M,Schubert,check,367.6,0.6177,0.9384,0.6594,0.0000,0.0387,0,0,0,0.5909,0.9233,0.7195,0.0000,0.0477,0,0,0
Schubert/Impromptu_op.90_D.899/3/Kociuban10M,Schubert,check,358.9,0.6705,1.0000,0.5889,0.0000,0.0000,0,0,0,0.6258,0.9969,0.6724,0.0000,0.0000,0,0,0
Schubert/Impromptu_op.90_D.899/3/LEE_K04M,Schubert,tuning,333.3,0.1763,0.4057,32.7986,0.0000,0.5786,0,0,0,0.4498,0.9709,1.1671,0.0000,0.0000,1,0,0
Schubert/Impromptu_op.90_D.899/3/LeeSH08M,Schubert,check,359.9,0.5434,0.9892,0.8693,0.0000,0.0000,0,0,0,0.5662,0.9845,0.8063,0.0000,0.0000,0,0,0
Schubert/Impromptu_op.90_D.899/3/Mizumoto07M,Schubert,tuning,303.0,0.3685,0.8494,1.6357,0.0000,0.1050,0,0,0,0.3670,0.8583,1.6828,0.0000,0.1054,0,0,0
Schubert/Impromptu_op.90_D.899/3/Woo10M,Schubert,check,294.6,0.3237,0.9616,1.6735,0.0000,0.0006,0,0,0,0.2910,0.9380,1.8566,0.0000,0.0050,0,0,0
Schubert/Impromptu_op.90_D.899/3/WuuE10M,Schubert,check,350.3,0.5187,0.9334,0.9219,0.0000,0.0011,0,0,0,0.5013,0.9197,0.9931,0.0000,0.0025,1,0,0
Schubert/Impromptu_op.90_D.899/3/ZhangW07M,Schubert,check,320.5,0.4700,0.9948,1.1218,0.0000,0.0000,0,0,0,0.5098,0.9943,0.9702,0.0000,0.0000,0,0,0
Schubert/Impromptu_op.90_D.899/3/ZhaoK10M,Schubert,check,295.7,0.1528,0.3674,32.9992,0.0000,0.5719,0,0,0,0.2698,0.7320,2.2296,0.0000,0.1356,0,0,0
Schubert/Impromptu_op.90_D.899/4_no_repeat/Huang10M,Schubert,check,399.5,0.8289,0.9669,0.3046,0.0027,0.0067,0,0,0,0.8100,0.9578,0.3229,0.0000,0.0137,0,0,0
Schubert/Impromptu_op.90_D.899/4_no_repeat/Lin11M,Schubert,check,341.4,0.7418,0.9175,0.4243,0.0044,0.0028,0,0,0,0.7259,0.9142,0.4553,0.0000,0.0112,0,0,0
Schubert/Impromptu_op.90_D.899/4_no_repeat/LuoJ09M,Schubert,tuning,352.6,0.7163,0.9137,0.3388,0.0007,0.0321,0,0,0,0.7096,0.9130,0.3569,0.0000,0.0284,0,0,0
Schubert/Impromptu_op.90_D.899/4_no_repeat/WongWY08M,Schubert,check,365.2,0.8061,0.9413,0.2265,0.0045,0.0000,0,0,0,0.8165,0.9643,0.2276,0.0000,0.0027,0,0,0
Schubert/Impromptu_op142/1/Kleisen10M,Schubert,tuning,579.5,0.8616,0.9977,0.2494,0.0000,0.0000,0,0,0,0.8812,0.9983,0.2333,0.0000,0.0000,0,0,0
Schubert/Impromptu_op142/1/Ozaki07M,Schubert,check,534.2,0.7804,0.9699,0.2949,0.0000,0.0018,0,0,0,0.8289,0.9863,0.2491,0.0000,0.0000,0,0,0
Schubert/Impromptu_op142/3/RichardsonC06M,Schubert,tuning,677.2,0.9101,0.9828,0.1542,0.0021,0.0003,0,0,0,0.9240,0.9831,0.1520,0.0027,0.0003,0,0,0
Schubert/Impromptu_op142/3/WangH06M,Schubert,check,674.8,0.8958,0.9560,0.1613,0.0192,0.0000,0,0,0,0.9039,0.9577,0.1585,0.0290,0.0000,0,0,0
Schubert/Impromptu_op142/3/YoungS06M,Schubert,check,680.7,0.8869,0.9693,0.1691,0.0065,0.0000,0,0,0,0.8836,0.9650,0.1672,0.0038,0.0000,0,0,0
Schubert/Moment_Musical_no_1/MunA10M,Schubert,tuning,347.1,0.8022,0.9415,0.2903,0.0058,0.0000,0,0,0,0.8555,0.9803,0.2620,0.0000,0.0000,0,0,0
Schubert/Moment_musical_no_3/Tetzloff09M,Schubert,tuning,102.6,0.8939,0.9511,0.1841,0.0000,0.0011,0,0,0,0.8735,0.9545,0.1920,0.0000,0.0000,0,0,0
Schubert/Piano_Sonatas/664-1/BuiJL06M,Schubert,check,340.1,0.8737,0.9913,0.2175,0.0000,0.0000,0,0,0,0.8587,0.9809,0.2178,0.0000,0.0000,0,0,0
Schubert/Piano_Sonatas/664-1/KabuliL10M,Schubert,check,317.0,0.8800,0.9845,0.2112,0.0000,0.0000,0,0,0,0.8918,0.9931,0.2135,0.0000,0.0000,0,0,0
Schubert/Piano_Sonatas/664-1/Mo10M,Schubert,tuning,336.7,0.8290,0.9860,0.2619,0.0000,0.0000,0,0,0,0.8566,0.9891,0.2584,0.0000,0.0000,0,0,0
Schubert/Piano_Sonatas/664-3/KabuliL12M,Schubert,tuning,304.0,0.7921,0.9375,0.2417,0.0000,0.0035,0,0,0,0.7867,0.9060,0.2249,0.0000,0.0254,0,0,0
Schubert/Piano_Sonatas/894-2/Yeletskiy08M,Schubert,tuning,454.9,0.8907,0.9349,0.1702,0.0289,0.0000,0,0,0,0.9323,0.9642,0.1383,0.0047,0.0000,0,0,0
Schubert/Piano_Sonatas/894-2_no_repeat/CHEN11M,Schubert,check,460.4,0.8823,0.9356,0.1833,0.0182,0.0000,0,0,0,0.9247,0.9651,0.1451,0.0037,0.0000,0,0,0
Schubert/Piano_Sonatas/894-2_no_repeat/Lee10M,Schubert,check,407.6,0.9078,0.9379,0.1566,0.0199,0.0000,0,0,0,0.9506,0.9758,0.1228,0.0016,0.0000,0,0,0
Schubert/Piano_Sonatas/894-2_no_repeat/SINKEV12M,Schubert,tuning,430.0,0.8905,0.9263,0.1796,0.0222,0.0000,0,0,0,0.9389,0.9621,0.1394,0.0065,0.0000,0,0,0
Schubert/Wanderer_fantasie/Larionova05M,Schubert,tuning,1259.0,0.3710,0.4743,10.6696,0.0000,0.5051,0,0,0,0.8180,0.9734,0.2751,0.0072,0.0041,1,0,0
Schubert/Wanderer_fantasie/SunY10M,Schubert,check,1200.8,0.3292,0.4044,34.6214,0.0000,0.5849,0,0,0,0.8174,0.9720,0.2577,0.0033,0.0048,0,0,0
Schumann/Arabeske/Min09M,Schumann,check,379.6,0.7841,0.9138,0.2189,0.0052,0.0586,0,0,0,0.8043,0.9385,0.2100,0.0029,0.0331,2,0,0
Schumann/Arabeske/ParkS15M,Schumann,tuning,426.3,0.8054,0.9247,0.2062,0.0000,0.0325,0,0,0,0.8685,0.9727,0.1767,0.0000,0.0036,1,0,0
Schumann/Toccata/DupreeF13M,Schumann,tuning,288.8,0.9473,0.9864,0.0886,0.0000,0.0000,0,0,0,0.9538,0.9904,0.0883,0.0000,0.0000,0,0,0
Schumann/Toccata_repeat/WangY07M,Schumann,tuning,400.6,0.9615,0.9944,0.1026,0.0000,0.0000,0,0,0,0.9647,0.9988,0.1075,0.0000,0.0000,0,0,0
Scriabin/Etudes_op_8/11/Shi08M,Scriabin,tuning,286.6,0.8444,0.9832,0.1881,0.0000,0.0000,0,0,0,0.7617,0.8766,0.2288,0.0000,0.0726,2,0,0
Scriabin/Sonatas/5/FaB05M,Scriabin,tuning,700.3,0.3037,0.4002,92.7859,0.0087,0.5774,0,0,0,0.6372,0.8168,0.5501,0.0050,0.1317,3,0,0
Scriabin/Sonatas/5/GarritsonL06M,Scriabin,check,643.7,0.2845,0.3831,69.8608,0.0046,0.5695,0,0,0,0.4581,0.6004,1.2873,0.0151,0.3288,1,0,0
Scriabin/Sonatas/5/Na07M,Scriabin,check,704.7,0.3209,0.3899,81.6022,0.0052,0.5628,0,0,0,0.6666,0.7993,0.4237,0.0022,0.1399,2,0,0
Scriabin/Sonatas/5/Yeletskiy07M,Scriabin,check,647.8,0.2722,0.3675,88.4893,0.0018,0.5917,0,0,0,0.5926,0.7613,0.6138,0.0162,0.1382,2,0,0
