performance,condition,tracker_within_quarter,tracker_within_bar,arzt_within_quarter,arzt_within_bar,dixon_within_quarter,dixon_within_bar,outer_product_hmm_within_quarter,outer_product_hmm_within_bar,kalman_filter_within_quarter,kalman_filter_within_bar,kalman_filter_scaled_within_quarter,kalman_filter_scaled_within_bar,particle_filter_within_quarter,particle_filter_within_bar,particle_filter_corrected_within_quarter,particle_filter_corrected_within_bar
Bach/Fugue/bwv_848/Denisova06M,1.00x,0.9914,1.0000,0.9777,1.0000,0.9207,0.9887,0.9828,1.0000,0.9121,1.0000,0.9934,1.0000,0.0559,0.1735,0.0188,0.0871
Bach/Fugue/bwv_848/Denisova06M,0.75x,0.9827,1.0000,0.9845,1.0000,0.8171,0.9766,0.9171,0.9909,0.9244,1.0000,0.9938,1.0000,0.0000,0.0375,0.1125,0.2148
Bach/Fugue/bwv_848/Denisova06M,0.60x,0.9815,1.0000,0.9416,1.0000,0.7257,0.9852,0.5934,0.6750,0.9578,1.0000,0.9934,1.0000,0.0000,0.0087,0.1803,0.5351
Bach/Fugue/bwv_848/Denisova06M,0.50x,0.9988,1.0000,0.8980,1.0000,0.5087,0.8419,0.1028,0.1253,0.9594,1.0000,0.9900,1.0000,0.0000,0.0066,0.6574,0.9693
Bach/Fugue/bwv_848/Denisova06M,0.35x,0.9441,1.0000,0.4568,0.8835,0.8955,0.9240,0.1005,0.1308,0.9815,1.0000,0.9885,1.0000,0.0000,0.0010,0.0003,0.0312
Bach/Fugue/bwv_848/Denisova06M,0.25x,0.9891,1.0000,0.2797,0.6811,0.1946,0.2336,0.0811,0.1170,0.9850,1.0000,0.0007,0.0215,0.0000,0.0000,0.0000,0.0274
Bach/Fugue/bwv_848/Denisova06M,marked 2x too fast,0.9844,1.0000,0.8511,1.0000,0.5225,0.9676,0.4017,0.7726,0.9023,1.0000,0.9965,1.0000,0.0000,0.0016,0.3427,0.9676
Bach/Fugue/bwv_848/Denisova06M,marked 4x too fast,0.9805,1.0000,0.0918,0.3220,0.5127,0.7300,0.3056,0.7104,0.9156,1.0000,0.0000,0.0156,,,0.0000,0.0215
Bach/Fugue/bwv_848/Denisova06M,marked 2x too slow,0.9801,1.0000,0.6065,0.9941,0.9738,1.0000,0.9977,1.0000,0.9726,1.0000,0.9726,1.0000,0.0262,0.0836,0.1020,0.1555
Bach/Fugue/bwv_848/Denisova06M,slowing 1->0.4,0.8747,1.0000,0.8140,1.0000,0.7443,0.9850,0.8795,0.9949,0.9647,1.0000,0.9921,1.0000,0.0051,0.0201,0.0122,0.0577
Bach/Fugue/bwv_848/Denisova06M,speeding 0.4->1,0.8053,1.0000,0.9765,1.0000,0.8263,0.9281,0.7866,0.8946,0.9450,1.0000,0.9890,1.0000,0.0000,0.0038,0.1430,0.7626
Bach/Fugue/bwv_848/Denisova06M,sudden 1->0.5,0.8926,1.0000,0.9301,1.0000,0.5966,0.8911,0.8329,0.9756,0.9496,1.0000,0.9800,1.0000,0.0068,0.0286,0.0710,0.1037
Bach/Fugue/bwv_848/Denisova06M,round trip 0.5,0.9977,1.0000,0.9969,1.0000,0.8777,0.9891,0.9601,1.0000,0.8812,1.0000,0.9871,1.0000,0.1446,0.3642,0.0363,0.0957
Bach/Fugue/bwv_857/Bult-ItoS02M,1.00x,0.9823,1.0000,0.9933,1.0000,0.5544,0.9298,0.5639,0.6510,0.9894,1.0000,0.9941,1.0000,0.0000,0.0390,0.6278,1.0000
Bach/Fugue/bwv_857/Bult-ItoS02M,0.75x,0.9976,1.0000,0.9568,1.0000,0.4994,0.6620,0.3457,0.3900,0.9899,1.0000,0.9897,1.0000,0.0000,0.0248,0.0000,0.2992
Bach/Fugue/bwv_857/Bult-ItoS02M,0.60x,0.9165,0.9955,0.9101,1.0000,0.7045,0.7769,0.4367,0.5048,0.9934,1.0000,0.9891,1.0000,0.0000,0.0123,0.0000,0.0208
Bach/Fugue/bwv_857/Bult-ItoS02M,0.50x,0.9436,1.0000,0.9065,1.0000,0.8998,0.9263,0.2658,0.3186,0.9894,1.0000,0.9850,1.0000,0.0000,0.0087,0.8492,0.9513
Bach/Fugue/bwv_857/Bult-ItoS02M,0.35x,0.9444,0.9790,0.6485,0.9476,0.3000,0.3501,0.2624,0.3246,0.0091,0.0749,0.0054,0.0273,0.0000,0.0018,0.0000,0.0000
Bach/Fugue/bwv_857/Bult-ItoS02M,0.25x,0.9256,0.9762,0.4203,0.8063,0.1186,0.1222,0.2495,0.3043,0.0042,0.0267,0.0035,0.0255,0.0000,0.0000,0.0000,0.0194
Bach/Fugue/bwv_857/Bult-ItoS02M,marked 2x too fast,0.9823,1.0000,0.6207,0.8644,0.6305,0.6700,0.2831,0.3588,0.9913,1.0000,0.9846,1.0000,0.0000,0.0016,0.4657,0.5513
Bach/Fugue/bwv_857/Bult-ItoS02M,marked 4x too fast,0.9846,1.0000,0.2744,0.3281,0.2772,0.4306,0.2295,0.3699,0.9901,1.0000,0.0020,0.0177,0.0000,0.0016,0.1416,0.1948
Bach/Fugue/bwv_857/Bult-ItoS02M,marked 2x too slow,0.9823,1.0000,0.9523,1.0000,0.9775,1.0000,0.8853,0.9842,0.9917,1.0000,0.9917,1.0000,0.2275,0.3726,0.1392,0.2346
Bach/Fugue/bwv_857/Bult-ItoS02M,slowing 1->0.4,0.9755,1.0000,0.8801,1.0000,0.5911,0.7190,0.3540,0.4212,0.9964,1.0000,0.9966,1.0000,0.0000,0.0219,0.6708,0.9054
Bach/Fugue/bwv_857/Bult-ItoS02M,speeding 0.4->1,0.8760,0.9583,0.9570,1.0000,0.8734,0.8914,0.4153,0.4900,0.9756,1.0000,0.0100,0.0404,0.0000,0.0075,0.0000,0.0849
Bach/Fugue/bwv_857/Bult-ItoS02M,sudden 1->0.5,0.9882,1.0000,0.9613,1.0000,0.7036,0.8409,0.4264,0.5079,0.9955,1.0000,0.9961,1.0000,0.0000,0.0287,0.7746,1.0000
Bach/Fugue/bwv_857/Bult-ItoS02M,round trip 0.5,0.9531,1.0000,0.9925,1.0000,0.4487,0.5670,0.6297,0.7031,0.9846,1.0000,0.9921,1.0000,0.0000,0.0414,0.5793,0.8206
Bach/Fugue/bwv_870/ChenW01M,1.00x,1.0000,1.0000,0.9992,1.0000,0.9004,0.9720,0.8850,0.9555,0.9945,1.0000,0.9957,1.0000,0.0201,0.0551,0.0776,0.1304
Bach/Fugue/bwv_870/ChenW01M,0.75x,0.9885,0.9959,0.9982,1.0000,0.7135,0.8565,0.7200,0.8311,0.9917,1.0000,0.9959,1.0000,0.0000,0.0248,0.7053,0.8574
Bach/Fugue/bwv_870/ChenW01M,0.60x,0.9998,1.0000,0.9681,0.9991,0.5719,0.7279,0.5464,0.6378,0.9960,1.0000,0.9929,1.0000,0.0000,0.0000,0.9780,1.0000
Bach/Fugue/bwv_870/ChenW01M,0.50x,0.9996,1.0000,0.9011,0.9663,0.4866,0.5067,0.3803,0.4799,0.9927,1.0000,0.9943,1.0000,0.0000,0.0000,0.3367,0.4181
Bach/Fugue/bwv_870/ChenW01M,0.35x,0.9756,1.0000,0.8565,0.9556,0.8739,0.9044,0.2602,0.3626,0.3709,0.3900,0.3713,0.3897,0.0000,0.0000,0.0000,0.0000
Bach/Fugue/bwv_870/ChenW01M,0.25x,0.9922,1.0000,0.5237,0.6441,0.0792,0.1167,0.2699,0.3885,0.3680,0.3850,0.0300,0.0435,0.0000,0.0000,0.0000,0.0000
Bach/Fugue/bwv_870/ChenW01M,marked 2x too fast,0.9996,1.0000,0.9086,0.9563,0.5033,0.5908,0.2032,0.3163,0.9941,1.0000,0.9965,1.0000,0.0000,0.0012,0.8149,0.8925
Bach/Fugue/bwv_870/ChenW01M,marked 4x too fast,0.9886,0.9925,0.0685,0.0874,0.0000,0.0000,0.1686,0.2737,0.9941,1.0000,0.0067,0.0268,,,0.0000,0.0016
Bach/Fugue/bwv_870/ChenW01M,marked 2x too slow,0.9980,0.9980,0.8425,0.9807,0.9866,0.9976,0.9819,0.9949,0.9945,1.0000,0.9945,1.0000,0.1083,0.1473,0.0500,0.0599
Bach/Fugue/bwv_870/ChenW01M,slowing 1->0.4,0.9488,0.9938,0.9326,0.9915,0.6627,0.7705,0.4816,0.5570,0.9933,1.0000,0.9949,1.0000,0.0422,0.1047,0.1891,0.3988
Bach/Fugue/bwv_870/ChenW01M,speeding 0.4->1,0.9347,0.9784,0.9915,1.0000,0.7715,0.8491,0.5864,0.6910,0.9915,1.0000,0.9961,1.0000,0.0000,0.0000,0.1085,0.2504
Bach/Fugue/bwv_870/ChenW01M,sudden 1->0.5,0.9695,0.9982,0.9564,0.9989,0.5974,0.6447,0.5483,0.6226,0.9968,1.0000,0.9971,1.0000,0.1074,0.2395,0.0147,0.0210
Bach/Fugue/bwv_870/ChenW01M,round trip 0.5,1.0000,1.0000,1.0000,1.0000,0.5246,0.5727,0.8169,0.9063,0.8598,0.8921,0.9937,1.0000,0.0012,0.0158,0.2828,0.2966
Bach/Fugue/bwv_891/Duepree06M,1.00x,0.9069,1.0000,0.8668,1.0000,0.9859,0.9996,0.8464,1.0000,0.9772,1.0000,1.0000,1.0000,0.0153,0.1242,0.2098,0.2735
Bach/Fugue/bwv_891/Duepree06M,0.75x,0.9670,1.0000,0.9623,1.0000,0.9537,1.0000,0.8480,0.9932,0.9776,1.0000,0.9923,1.0000,0.0192,0.1078,0.1738,0.2890
Bach/Fugue/bwv_891/Duepree06M,0.60x,0.9701,1.0000,0.9621,1.0000,0.9387,1.0000,0.8291,0.9774,0.9764,1.0000,0.9934,1.0000,0.0523,0.3941,0.2147,0.3021
Bach/Fugue/bwv_891/Duepree06M,0.50x,0.9688,1.0000,0.9713,1.0000,0.8403,1.0000,0.7957,0.9299,0.9782,1.0000,0.9969,1.0000,0.0000,0.0065,0.3642,0.4642
Bach/Fugue/bwv_891/Duepree06M,0.35x,0.9619,1.0000,0.8584,0.9707,0.7463,0.9524,0.3883,0.4612,0.9769,1.0000,0.9894,1.0000,0.0000,0.0026,0.4335,0.6242
Bach/Fugue/bwv_891/Duepree06M,0.25x,0.9705,1.0000,0.7809,0.9654,0.8110,0.9649,0.7091,0.8618,0.9745,1.0000,0.9761,1.0000,0.0000,0.0003,0.0000,0.0000
Bach/Fugue/bwv_891/Duepree06M,marked 2x too fast,0.9053,1.0000,0.9646,1.0000,0.7855,0.9776,0.8444,1.0000,0.9619,1.0000,1.0000,1.0000,0.0161,0.1780,0.5415,0.7336
Bach/Fugue/bwv_891/Duepree06M,marked 4x too fast,0.9006,1.0000,0.6825,0.9395,0.7709,0.8523,0.4472,0.7729,0.9407,1.0000,0.9670,1.0000,0.0000,0.0000,0.9627,1.0000
Bach/Fugue/bwv_891/Duepree06M,marked 2x too slow,0.8106,1.0000,0.1324,0.4086,0.9132,1.0000,0.7363,0.9961,0.9886,1.0000,0.9886,1.0000,0.0106,0.0778,0.0236,0.0680
Bach/Fugue/bwv_891/Duepree06M,slowing 1->0.4,0.9692,1.0000,0.9393,1.0000,0.9234,1.0000,0.8270,0.9995,0.9818,1.0000,0.9997,1.0000,0.0092,0.1994,0.2078,0.2624
Bach/Fugue/bwv_891/Duepree06M,speeding 0.4->1,0.9073,1.0000,0.8455,0.9689,0.9369,1.0000,0.8347,0.9802,0.9535,1.0000,0.9707,1.0000,0.0000,0.0069,0.3758,0.5567
Bach/Fugue/bwv_891/Duepree06M,sudden 1->0.5,0.9524,1.0000,0.9346,1.0000,0.8531,0.9861,0.8487,1.0000,0.9882,1.0000,1.0000,1.0000,0.0097,0.1183,0.1398,0.1906
Bach/Fugue/bwv_891/Duepree06M,round trip 0.5,0.9246,1.0000,0.8542,1.0000,0.9674,1.0000,0.8322,0.9925,0.9804,1.0000,1.0000,1.0000,0.0157,0.1242,0.0161,0.0672
Bach/Prelude/bwv_848/Denisova06M,1.00x,0.9637,0.9844,0.9407,0.9559,0.9578,0.9832,1.0000,1.0000,0.8923,0.9871,0.9957,1.0000,0.0746,0.0968,0.0101,0.0172
Bach/Prelude/bwv_848/Denisova06M,0.75x,0.9145,0.9353,0.8651,0.8935,0.9116,0.9529,0.9734,0.9862,0.9312,0.9965,0.9962,1.0000,0.0840,0.1232,0.0325,0.0442
Bach/Prelude/bwv_848/Denisova06M,0.60x,0.9487,0.9714,0.8527,0.8743,0.8949,0.9548,0.9356,0.9726,0.9719,0.9991,0.9939,0.9991,0.0000,0.0000,0.0300,0.0396
Bach/Prelude/bwv_848/Denisova06M,0.50x,0.9358,0.9711,0.7436,0.7832,0.8130,0.8700,0.8891,0.9311,0.9797,0.9996,0.9945,0.9963,0.0997,0.1782,0.0256,0.0330
Bach/Prelude/bwv_848/Denisova06M,0.35x,0.9604,0.9814,0.0000,0.0000,0.7386,0.7799,0.7458,0.8276,0.9884,0.9986,0.0000,0.0000,0.0000,0.0000,0.4080,0.5018
Bach/Prelude/bwv_848/Denisova06M,0.25x,0.9762,0.9958,0.0000,0.0000,0.4982,0.5246,0.7048,0.7877,0.0000,0.0000,0.0000,0.0000,0.0000,0.0000,0.0000,0.0000
Bach/Prelude/bwv_848/Denisova06M,marked 2x too fast,0.9415,0.9590,0.6862,0.7119,0.7623,0.8560,0.5929,0.7057,0.8134,0.9059,0.9895,0.9899,0.2077,0.2845,0.0242,0.0328
Bach/Prelude/bwv_848/Denisova06M,marked 4x too fast,0.9411,0.9575,0.0148,0.0269,0.5902,0.6553,0.5921,0.7045,0.8568,0.9426,0.0000,0.0000,,,0.0004,0.0016
Bach/Prelude/bwv_848/Denisova06M,marked 2x too slow,0.9356,0.9836,0.5059,0.6815,0.9688,0.9820,0.9758,0.9871,0.9727,0.9988,0.9727,0.9988,0.0488,0.0496,0.0148,0.0219
Bach/Prelude/bwv_848/Denisova06M,slowing 1->0.4,0.9166,0.9409,0.8803,0.9237,0.8154,0.8573,0.9064,0.9430,0.9582,0.9977,0.9987,1.0000,0.0725,0.0771,0.0099,0.0142
Bach/Prelude/bwv_848/Denisova06M,speeding 0.4->1,0.8282,0.9154,0.0000,0.0000,0.8714,0.9279,0.9369,0.9481,0.8584,0.9210,0.2150,0.2395,0.0537,0.0874,0.0619,0.0887
Bach/Prelude/bwv_848/Denisova06M,sudden 1->0.5,0.9523,0.9818,0.9102,0.9453,0.7903,0.8653,0.8926,0.9460,0.9624,0.9958,0.9982,1.0000,0.0150,0.0257,0.0067,0.0114
Bach/Prelude/bwv_848/Denisova06M,round trip 0.5,0.0769,0.0851,0.7951,0.8450,0.9719,0.9938,0.9949,0.9961,0.8466,0.9415,0.9938,1.0000,0.0156,0.0203,0.0101,0.0168
Bach/Prelude/bwv_854/LuA01M,1.00x,0.9461,1.0000,0.9264,1.0000,0.9854,1.0000,0.9465,1.0000,0.9811,1.0000,0.9843,1.0000,0.1665,0.3750,0.1795,0.4998
Bach/Prelude/bwv_854/LuA01M,0.75x,0.8557,1.0000,0.9342,1.0000,0.9339,1.0000,0.8917,1.0000,0.9796,1.0000,0.9832,1.0000,0.1346,0.2409,0.0218,0.0847
Bach/Prelude/bwv_854/LuA01M,0.60x,0.9254,1.0000,0.9171,1.0000,0.8883,1.0000,0.8767,0.9976,0.0019,0.0881,0.9790,1.0000,0.0543,0.2852,0.0000,0.0359
Bach/Prelude/bwv_854/LuA01M,0.50x,0.9356,1.0000,0.8740,0.9970,0.8506,1.0000,0.8713,0.9909,0.0014,0.0553,0.0000,0.0159,0.0000,0.0203,0.0000,0.0949
Bach/Prelude/bwv_854/LuA01M,0.35x,0.8987,1.0000,0.8306,0.9737,0.9465,1.0000,0.7867,0.9771,0.0000,0.0161,0.0000,0.0156,0.0000,0.0036,0.0000,0.0360
Bach/Prelude/bwv_854/LuA01M,0.25x,0.9314,1.0000,0.5210,0.7862,0.2075,0.2869,0.7749,0.9814,0.0000,0.0158,0.0000,0.0142,0.0000,0.0201,0.0000,0.0151
Bach/Prelude/bwv_854/LuA01M,marked 2x too fast,0.9382,1.0000,0.8520,0.9736,0.6930,0.9296,0.6556,0.9366,0.9811,1.0000,0.0000,0.0161,0.0000,0.0472,0.0000,0.0941
Bach/Prelude/bwv_854/LuA01M,marked 4x too fast,0.9335,1.0000,0.0094,0.3495,0.6076,0.8194,0.0866,0.3463,0.9819,1.0000,0.0000,0.0043,0.0000,0.0260,0.0598,0.0889
Bach/Prelude/bwv_854/LuA01M,marked 2x too slow,0.9484,1.0000,0.7674,0.9835,0.9890,1.0000,0.9752,1.0000,0.9831,1.0000,0.9831,1.0000,0.0197,0.1818,0.0508,0.1590
Bach/Prelude/bwv_854/LuA01M,slowing 1->0.4,0.9468,1.0000,0.9468,1.0000,0.8476,1.0000,0.9203,0.9995,0.9884,1.0000,0.9892,1.0000,0.2118,0.5365,0.6452,0.9411
Bach/Prelude/bwv_854/LuA01M,speeding 0.4->1,0.8913,1.0000,0.8602,0.9825,0.9468,0.9889,0.8592,0.9854,0.0000,0.0267,0.0000,0.0257,0.0000,0.0306,0.0000,0.1434
Bach/Prelude/bwv_854/LuA01M,sudden 1->0.5,0.8342,0.9638,0.9509,1.0000,0.7780,1.0000,0.9024,0.9942,0.9869,1.0000,0.9895,1.0000,0.2065,0.5825,0.5547,0.9714
Bach/Prelude/bwv_854/LuA01M,round trip 0.5,0.9402,1.0000,0.9315,1.0000,0.9756,1.0000,0.9181,0.9913,0.9768,1.0000,0.9866,1.0000,0.1122,0.6163,0.0512,0.7037
Bach/Prelude/bwv_863/LeeN01M,1.00x,1.0000,1.0000,0.8362,0.9787,0.7727,0.9321,0.7111,0.8477,0.9605,1.0000,0.9767,1.0000,0.0813,0.1192,0.0000,0.0063
Bach/Prelude/bwv_863/LeeN01M,0.75x,0.9349,1.0000,0.5182,0.8736,0.8189,0.8843,0.6887,0.8446,0.9600,1.0000,0.9707,0.9923,0.0115,0.0246,0.0000,0.0299
Bach/Prelude/bwv_863/LeeN01M,0.60x,1.0000,1.0000,0.5012,0.8234,0.9200,0.9832,0.5504,0.7204,0.9747,1.0000,0.0057,0.0057,0.0000,0.0000,0.0000,0.0000
Bach/Prelude/bwv_863/LeeN01M,0.50x,1.0000,1.0000,0.4082,0.7007,0.6042,0.6555,0.5519,0.6914,0.9690,1.0000,0.0000,0.0000,0.0000,0.0000,0.0000,0.0000
Bach/Prelude/bwv_863/LeeN01M,0.35x,0.9993,1.0000,0.0000,0.0420,0.2403,0.2942,0.5030,0.6395,0.0023,0.0023,0.0000,0.0000,0.0000,0.0010,0.0000,0.0000
Bach/Prelude/bwv_863/LeeN01M,0.25x,1.0000,1.0000,0.0000,0.0000,0.1329,0.1623,0.4107,0.5233,0.0000,0.0000,0.0000,0.0000,0.0000,0.0000,0.0000,0.0000
Bach/Prelude/bwv_863/LeeN01M,marked 2x too fast,0.9913,0.9976,0.0000,0.0426,0.8575,0.9582,0.1736,0.2502,0.9649,1.0000,0.0000,0.0004,0.0000,0.0568,0.0166,0.0631
Bach/Prelude/bwv_863/LeeN01M,marked 4x too fast,0.8765,0.9404,0.0000,0.0000,0.0367,0.0418,0.0919,0.1302,0.9740,1.0000,0.0000,0.0000,,,0.0000,0.0000
Bach/Prelude/bwv_863/LeeN01M,marked 2x too slow,1.0000,1.0000,1.0000,1.0000,1.0000,1.0000,0.9471,0.9743,0.9613,1.0000,0.9613,1.0000,0.5028,1.0000,0.2170,0.4025
Bach/Prelude/bwv_863/LeeN01M,slowing 1->0.4,0.9935,1.0000,0.6304,0.9303,0.7135,0.8033,0.4941,0.6549,0.9755,1.0000,1.0000,1.0000,0.0000,0.0031,0.0000,0.0266
Bach/Prelude/bwv_863/LeeN01M,speeding 0.4->1,0.9622,1.0000,0.3741,0.5953,0.8960,0.9627,0.6635,0.8504,0.9606,0.9912,0.0000,0.0000,0.0000,0.0044,0.0000,0.0000
Bach/Prelude/bwv_863/LeeN01M,sudden 1->0.5,0.9929,1.0000,0.7909,0.9795,0.7422,0.8699,0.4834,0.6003,0.9731,1.0000,1.0000,1.0000,0.0545,0.0782,0.0000,0.0290
Bach/Prelude/bwv_863/LeeN01M,round trip 0.5,1.0000,1.0000,0.8974,0.9984,0.8856,0.9633,0.7691,0.9096,0.9601,1.0000,0.9763,1.0000,0.0817,0.1192,0.0000,0.0063
Bach/Prelude/bwv_888/ZhaoK01M,1.00x,0.9949,1.0000,0.9649,1.0000,1.0000,1.0000,0.9913,0.9972,0.9961,1.0000,1.0000,1.0000,0.0039,0.1040,0.1508,0.3005
Bach/Prelude/bwv_888/ZhaoK01M,0.75x,0.9637,1.0000,0.9462,1.0000,0.9152,1.0000,0.9412,0.9903,0.9968,1.0000,0.9941,1.0000,0.2706,0.9817,0.1651,0.3527
Bach/Prelude/bwv_888/ZhaoK01M,0.60x,0.9142,1.0000,0.9376,1.0000,0.9130,1.0000,0.8989,0.9898,0.9962,1.0000,0.9920,1.0000,0.0087,0.1040,0.2034,0.4291
Bach/Prelude/bwv_888/ZhaoK01M,0.50x,0.9945,1.0000,0.9417,0.9917,0.8826,1.0000,0.8907,0.9829,0.9909,1.0000,0.0028,0.0179,0.0000,0.0185,0.1641,0.2326
Bach/Prelude/bwv_888/ZhaoK01M,0.35x,0.9763,1.0000,0.8657,0.9548,0.8951,1.0000,0.8449,0.9931,0.4869,0.5130,0.0000,0.0146,0.0000,0.0488,0.0000,0.0008
Bach/Prelude/bwv_888/ZhaoK01M,0.25x,0.8779,1.0000,0.7375,0.8849,0.4167,0.4880,0.7850,0.9801,0.0000,0.0044,0.0000,0.0034,0.0000,0.0196,0.2041,0.2327
Bach/Prelude/bwv_888/ZhaoK01M,marked 2x too fast,0.9882,1.0000,0.9358,0.9882,0.8539,1.0000,0.6357,0.9744,0.9937,1.0000,0.0008,0.0181,0.1260,0.3206,0.7089,0.8098
Bach/Prelude/bwv_888/ZhaoK01M,marked 4x too fast,0.9890,1.0000,0.3320,0.6955,0.7460,0.9189,0.0130,0.0748,0.9949,1.0000,0.0000,0.0126,0.0161,0.0866,0.1449,0.1717
Bach/Prelude/bwv_888/ZhaoK01M,marked 2x too slow,0.9949,1.0000,0.6302,1.0000,0.9933,1.0000,0.9303,0.9937,1.0000,1.0000,1.0000,1.0000,0.0150,0.0733,0.0201,0.1209
Bach/Prelude/bwv_888/ZhaoK01M,slowing 1->0.4,0.9979,1.0000,0.9889,1.0000,0.8734,1.0000,0.8783,0.9833,0.9889,1.0000,0.9951,1.0000,0.0373,0.3039,0.0257,0.0901
Bach/Prelude/bwv_888/ZhaoK01M,speeding 0.4->1,0.9023,1.0000,0.9043,0.9897,0.9432,1.0000,0.9329,1.0000,0.9820,1.0000,0.0000,0.0291,0.0000,0.1535,0.0959,0.5269
Bach/Prelude/bwv_888/ZhaoK01M,sudden 1->0.5,0.9961,1.0000,0.9771,1.0000,0.9020,1.0000,0.9117,0.9890,0.9982,1.0000,1.0000,1.0000,0.0074,0.1122,0.4639,0.6362
Bach/Prelude/bwv_888/ZhaoK01M,round trip 0.5,0.9929,1.0000,0.9697,1.0000,0.9902,1.0000,0.9681,0.9953,0.9949,1.0000,0.9968,1.0000,0.0859,0.8043,0.2430,0.3588
Beethoven/Piano_Sonatas/26-1/HuNY02M,1.00x,0.9224,1.0000,0.9212,1.0000,0.9901,1.0000,0.7959,0.8396,1.0000,1.0000,1.0000,1.0000,0.5871,0.9046,0.0229,0.0532
Beethoven/Piano_Sonatas/26-1/HuNY02M,0.75x,0.7861,0.8224,1.0000,1.0000,0.9193,1.0000,0.7527,0.8245,1.0000,1.0000,1.0000,1.0000,0.1664,0.1953,0.6971,0.8070
Beethoven/Piano_Sonatas/26-1/HuNY02M,0.60x,0.8185,0.9367,0.9842,1.0000,0.8802,0.9955,0.7121,0.7774,1.0000,1.0000,1.0000,1.0000,0.0584,0.0962,0.0092,0.0222
Beethoven/Piano_Sonatas/26-1/HuNY02M,0.50x,0.8481,0.9677,0.9726,1.0000,0.9234,1.0000,0.6480,0.7317,0.0359,0.0465,0.2106,0.3079,0.0465,0.0922,0.0085,0.0244
Beethoven/Piano_Sonatas/26-1/HuNY02M,0.35x,0.8456,0.8456,0.9131,0.9873,0.7053,0.7537,0.5517,0.6121,0.0193,0.0303,0.0265,0.0265,0.0250,0.0423,0.0352,0.0506
Beethoven/Piano_Sonatas/26-1/HuNY02M,0.25x,0.7797,0.8352,0.7728,0.9013,0.2827,0.2866,0.6084,0.6664,0.0000,0.0000,0.0000,0.0000,0.0188,0.0297,0.0000,0.0010
Beethoven/Piano_Sonatas/26-1/HuNY02M,marked 2x too fast,0.8530,0.9511,0.9460,1.0000,0.8995,0.9586,0.7392,0.7880,1.0000,1.0000,0.1438,0.3164,0.0449,0.0839,0.0059,0.0173
Beethoven/Piano_Sonatas/26-1/HuNY02M,marked 4x too fast,0.9141,0.9961,0.1812,0.5851,0.6387,0.7411,0.6324,0.6856,0.0232,0.0296,0.0043,0.0047,0.0244,0.0390,0.0760,0.1745
Beethoven/Piano_Sonatas/26-1/HuNY02M,marked 2x too slow,0.7920,0.8873,0.7025,0.7924,1.0000,1.0000,0.7797,0.8357,1.0000,1.0000,1.0000,1.0000,0.3972,0.4771,0.0516,0.1332
Beethoven/Piano_Sonatas/26-1/HuNY02M,slowing 1->0.4,0.9779,0.9959,0.9825,1.0000,0.8800,0.9820,0.6656,0.7181,1.0000,1.0000,1.0000,1.0000,0.6262,0.6362,0.8242,1.0000
Beethoven/Piano_Sonatas/26-1/HuNY02M,speeding 0.4->1,0.8143,0.9174,0.9411,1.0000,0.9414,0.9828,0.6947,0.7245,0.0414,0.0674,0.3022,0.6854,0.0208,0.0417,0.4123,0.4257
Beethoven/Piano_Sonatas/26-1/HuNY02M,sudden 1->0.5,0.8718,0.9753,0.9743,1.0000,0.9080,0.9716,0.7194,0.7606,1.0000,1.0000,0.5980,0.7378,0.3184,0.4595,0.1001,0.2733
Beethoven/Piano_Sonatas/26-1/HuNY02M,round trip 0.5,0.9374,1.0000,0.9149,0.9972,1.0000,1.0000,0.6206,0.7218,1.0000,1.0000,1.0000,1.0000,0.5256,0.6958,0.5315,0.9334
Mozart/Piano_Sonatas/12-1/MunA03M,1.00x,0.9199,0.9851,0.9399,1.0000,0.9061,0.9859,0.8755,0.9819,0.9753,0.9988,0.9851,0.9976,0.0082,0.1316,0.0299,0.0872
Mozart/Piano_Sonatas/12-1/MunA03M,0.75x,0.9649,0.9950,0.9290,0.9950,0.8600,0.9758,0.8500,0.9826,0.9676,0.9959,0.9555,0.9926,0.0421,0.1514,0.0124,0.0946
Mozart/Piano_Sonatas/12-1/MunA03M,0.60x,0.9239,0.9783,0.8840,0.9774,0.8202,0.9731,0.8074,0.9519,0.9460,0.9889,0.9357,0.9797,0.0082,0.1188,0.1817,0.4478
Mozart/Piano_Sonatas/12-1/MunA03M,0.50x,0.8821,0.9980,0.8548,0.9466,0.7743,0.9350,0.7926,0.9297,0.9582,0.9880,0.9521,0.9851,0.0163,0.1357,0.0939,0.2241
Mozart/Piano_Sonatas/12-1/MunA03M,0.35x,0.9009,0.9927,0.7209,0.8602,0.7612,0.8967,0.6748,0.8159,0.9307,0.9744,0.9077,0.9517,0.0000,0.0106,0.0000,0.0000
Mozart/Piano_Sonatas/12-1/MunA03M,0.25x,0.8524,0.9705,0.4335,0.7118,0.8126,0.9182,0.6217,0.7973,0.0000,0.0128,0.0000,0.0003,0.0000,0.0000,0.0000,0.0000
Mozart/Piano_Sonatas/12-1/MunA03M,marked 2x too fast,0.9395,1.0000,0.8095,0.9266,0.7152,0.8704,0.7046,0.8763,0.9682,0.9976,0.9419,0.9796,0.0522,0.1634,0.0385,0.1025
Mozart/Piano_Sonatas/12-1/MunA03M,marked 4x too fast,0.9183,0.9945,0.2942,0.5035,0.7058,0.8688,0.3885,0.6269,0.9442,0.9937,0.0000,0.0000,0.0000,0.0334,0.2777,0.3009
Mozart/Piano_Sonatas/12-1/MunA03M,marked 2x too slow,0.8995,0.9780,0.1112,0.3295,0.9010,0.9823,0.7690,0.9776,0.9831,1.0000,0.9831,1.0000,0.0114,0.0291,0.0153,0.0467
Mozart/Piano_Sonatas/12-1/MunA03M,slowing 1->0.4,0.9423,0.9833,0.9439,0.9964,0.8947,0.9874,0.8037,0.9441,0.9787,0.9992,0.9721,0.9985,0.1217,0.3457,0.0087,0.0513
Mozart/Piano_Sonatas/12-1/MunA03M,speeding 0.4->1,0.4846,0.7272,0.8617,0.9466,0.8545,0.9884,0.8534,0.9730,0.9184,0.9784,0.9184,0.9748,0.0000,0.0149,0.0518,0.0880
Mozart/Piano_Sonatas/12-1/MunA03M,sudden 1->0.5,0.9382,0.9901,0.9503,1.0000,0.8273,0.9665,0.8239,0.9505,0.9804,0.9992,0.9584,0.9984,0.0822,0.1573,0.0191,0.0644
Mozart/Piano_Sonatas/12-1/MunA03M,round trip 0.5,0.9529,0.9945,0.9474,1.0000,0.9159,0.9890,0.8566,0.9953,0.9647,0.9976,0.9855,0.9976,0.0436,0.2321,0.1135,0.2255
Rachmaninoff/Preludes_op_23/4/ChenGuang12M,1.00x,0.7915,0.9591,0.7919,0.9595,0.9398,1.0000,0.7341,0.9154,0.9666,1.0000,0.9457,1.0000,0.3080,0.6404,0.2203,0.4835
Rachmaninoff/Preludes_op_23/4/ChenGuang12M,0.75x,0.8413,0.9720,0.7891,0.9782,0.7861,0.9867,0.6381,0.8528,0.9838,1.0000,0.9614,1.0000,0.3437,0.4389,0.0708,0.2121
Rachmaninoff/Preludes_op_23/4/ChenGuang12M,0.60x,0.8060,0.9379,0.6852,0.9339,0.6453,0.8612,0.4956,0.7722,0.9903,1.0000,0.9788,1.0000,0.0076,0.0708,0.4732,0.9417
Rachmaninoff/Preludes_op_23/4/ChenGuang12M,0.50x,0.7441,0.9105,0.5325,0.8320,0.5094,0.6025,0.5523,0.7915,0.9849,1.0000,0.9740,1.0000,0.0063,0.0742,0.3167,0.9825
Rachmaninoff/Preludes_op_23/4/ChenGuang12M,0.35x,0.9116,1.0000,0.4396,0.6697,0.0182,0.0463,0.4527,0.6550,0.9822,1.0000,0.9800,1.0000,0.0039,0.0205,0.0072,0.3003
Rachmaninoff/Preludes_op_23/4/ChenGuang12M,0.25x,0.7413,0.9589,0.1608,0.4637,0.0060,0.0295,0.3587,0.5590,0.0170,0.0265,0.0186,0.0273,0.0028,0.0212,0.0382,0.0539
Rachmaninoff/Preludes_op_23/4/ChenGuang12M,marked 2x too fast,0.7813,0.9579,0.4772,0.7376,0.5889,0.7773,0.5342,0.8186,0.9437,1.0000,0.9744,1.0000,0.0055,0.0441,0.3419,0.7258
Rachmaninoff/Preludes_op_23/4/ChenGuang12M,marked 4x too fast,0.7828,0.9465,0.1892,0.3391,0.3824,0.5303,0.0657,0.1696,0.9422,1.0000,0.0110,0.0208,0.0028,0.0708,0.2195,0.3253
Rachmaninoff/Preludes_op_23/4/ChenGuang12M,marked 2x too slow,0.7825,0.9591,0.8242,1.0000,0.9819,0.9969,0.7234,0.9146,0.9961,1.0000,0.9170,1.0000,0.0535,0.1035,0.1463,0.2636
Rachmaninoff/Preludes_op_23/4/ChenGuang12M,slowing 1->0.4,0.5449,0.6200,0.6436,0.9365,0.6607,0.8353,0.5905,0.7353,0.9795,1.0000,0.9728,1.0000,0.4455,0.6340,0.1717,0.3401
Rachmaninoff/Preludes_op_23/4/ChenGuang12M,speeding 0.4->1,0.7831,0.9997,0.5359,0.9373,0.7640,0.8593,0.6567,0.8568,0.9592,1.0000,0.9452,1.0000,0.0076,0.0398,0.1448,0.5538
Rachmaninoff/Preludes_op_23/4/ChenGuang12M,sudden 1->0.5,0.4283,0.6970,0.4380,0.6490,0.7368,0.8787,0.6661,0.8840,0.9715,1.0000,0.9713,1.0000,0.2558,0.5649,0.1759,0.2906
Rachmaninoff/Preludes_op_23/4/ChenGuang12M,round trip 0.5,0.9182,1.0000,0.9178,1.0000,0.8993,1.0000,0.6522,0.8934,0.9843,1.0000,0.9599,1.0000,0.0429,0.1176,0.1452,0.4013
Schubert/Impromptu_op.90_D.899/1/Teo06M,1.00x,0.9099,1.0000,0.7596,1.0000,0.8678,1.0000,0.6062,0.7746,0.8973,1.0000,0.8914,1.0000,0.0000,0.0000,0.1668,0.3352
Schubert/Impromptu_op.90_D.899/1/Teo06M,0.75x,0.8490,1.0000,0.7254,0.9472,0.8206,1.0000,0.5664,0.7133,0.8814,1.0000,0.8829,1.0000,0.0000,0.0000,0.0587,0.1788
Schubert/Impromptu_op.90_D.899/1/Teo06M,0.60x,0.8115,1.0000,0.6286,0.8521,0.7883,1.0000,0.5585,0.7619,0.8525,1.0000,0.8681,1.0000,0.0000,0.0000,0.2430,0.3631
Schubert/Impromptu_op.90_D.899/1/Teo06M,0.50x,0.8800,1.0000,0.5604,0.7598,0.7160,0.9182,0.5153,0.7111,0.0000,0.1363,0.0022,0.2055,0.0000,0.0000,0.1814,0.4502
Schubert/Impromptu_op.90_D.899/1/Teo06M,0.35x,0.7660,1.0000,0.4339,0.7449,0.7061,0.9554,0.5241,0.7003,0.0000,0.0642,0.0000,0.0562,0.0000,0.0000,0.0000,0.0860
Schubert/Impromptu_op.90_D.899/1/Teo06M,0.25x,0.7941,0.9896,0.0000,0.0030,0.0360,0.1072,0.5040,0.6883,0.0000,0.0338,0.0000,0.0309,0.0000,0.0000,0.0000,0.0000
Schubert/Impromptu_op.90_D.899/1/Teo06M,marked 2x too fast,0.8981,1.0000,0.3895,0.7600,0.6515,0.9123,0.5885,0.7435,0.8655,1.0000,0.7766,0.9367,0.0000,0.0098,0.0000,0.0468
Schubert/Impromptu_op.90_D.899/1/Teo06M,marked 4x too fast,0.8458,1.0000,0.0201,0.0767,0.5854,0.8068,0.4064,0.6526,0.0000,0.0842,0.0000,0.0268,0.0000,0.0012,0.0000,0.0000
Schubert/Impromptu_op.90_D.899/1/Teo06M,marked 2x too slow,0.8442,1.0000,0.4500,0.9839,0.9079,1.0000,0.5472,0.7931,0.1286,0.1912,0.9642,1.0000,0.0350,0.1397,0.0279,0.1286
Schubert/Impromptu_op.90_D.899/1/Teo06M,slowing 1->0.4,0.8516,1.0000,0.7648,1.0000,0.7506,0.9910,0.5632,0.7548,0.9058,1.0000,0.9070,1.0000,0.0000,0.2185,0.0747,0.2786
Schubert/Impromptu_op.90_D.899/1/Teo06M,speeding 0.4->1,0.7336,0.9997,0.5322,0.6591,0.7655,0.9201,0.4847,0.7002,0.0000,0.1297,0.0000,0.1087,0.0000,0.0000,0.0470,0.2882
Schubert/Impromptu_op.90_D.899/1/Teo06M,sudden 1->0.5,0.8453,1.0000,0.7756,1.0000,0.7577,1.0000,0.6214,0.8277,0.9090,1.0000,0.9027,1.0000,0.0422,0.2179,0.0606,0.2187
Schubert/Impromptu_op.90_D.899/1/Teo06M,round trip 0.5,0.8316,1.0000,0.7411,0.9937,0.8666,1.0000,0.6723,0.8560,0.8993,1.0000,0.8934,1.0000,0.1302,0.4788,0.0295,0.2663
Schubert/Moment_musical_no_3/Tetzloff09M,1.00x,0.9285,1.0000,0.9386,0.9848,0.8882,0.9848,0.9156,0.9949,0.9711,1.0000,0.9707,1.0000,0.1430,0.2849,0.0418,0.0750
Schubert/Moment_musical_no_3/Tetzloff09M,0.75x,0.6565,0.7298,0.7579,0.8640,0.7559,0.9455,0.8658,0.9651,0.9596,1.0000,0.9493,1.0000,0.1404,0.2207,0.0402,0.1424
Schubert/Moment_musical_no_3/Tetzloff09M,0.60x,0.8769,0.9737,0.6936,0.8469,0.6561,0.8200,0.8378,0.9398,0.9278,0.9995,0.8734,0.9590,0.2356,0.5265,0.1085,0.1650
Schubert/Moment_musical_no_3/Tetzloff09M,0.50x,0.8884,0.9617,0.5717,0.8017,0.5617,0.7034,0.7675,0.8890,0.9326,0.9799,0.8875,0.9517,0.0113,0.0418,0.3460,0.4672
Schubert/Moment_musical_no_3/Tetzloff09M,0.35x,0.8650,0.9597,0.0000,0.0000,0.0037,0.0056,0.7064,0.8564,0.0000,0.0045,0.0000,0.0000,0.0193,0.0453,0.4758,0.6023
Schubert/Moment_musical_no_3/Tetzloff09M,0.25x,0.8636,0.9477,0.0000,0.0000,0.0000,0.0007,0.4379,0.5499,0.0000,0.0000,0.0000,0.0000,0.0000,0.0026,0.1712,0.1859
Schubert/Moment_musical_no_3/Tetzloff09M,marked 2x too fast,0.9242,0.9855,0.8269,0.9555,0.6323,0.7565,0.3353,0.4580,0.9527,1.0000,0.0117,0.0594,0.0000,0.0000,0.0973,0.1309
Schubert/Moment_musical_no_3/Tetzloff09M,marked 4x too fast,0.9320,0.9832,0.0000,0.0000,0.0059,0.0148,0.0148,0.0293,0.9367,0.9992,0.0000,0.0000,0.0000,0.0184,0.0000,0.0000
Schubert/Moment_musical_no_3/Tetzloff09M,marked 2x too slow,0.9406,1.0000,0.6647,0.8984,0.8484,0.9555,0.8859,0.9894,0.9824,1.0000,0.9734,1.0000,0.0234,0.0367,0.0414,0.0614
Schubert/Moment_musical_no_3/Tetzloff09M,slowing 1->0.4,0.8255,0.9497,0.7358,0.9103,0.5960,0.7627,0.8031,0.9169,0.9809,1.0000,0.9708,1.0000,0.1265,0.2104,0.0193,0.0404
Schubert/Moment_musical_no_3/Tetzloff09M,speeding 0.4->1,0.6352,0.8424,0.0000,0.0000,0.6398,0.7693,0.6789,0.8046,0.8332,0.9481,0.8156,0.9074,0.0000,0.0164,0.1609,0.2348
Schubert/Moment_musical_no_3/Tetzloff09M,sudden 1->0.5,0.8612,1.0000,0.7679,0.9540,0.6294,0.7248,0.8524,0.9340,0.9553,0.9995,0.9340,0.9971,0.0457,0.0707,0.0772,0.1006
Schubert/Moment_musical_no_3/Tetzloff09M,round trip 0.5,0.8562,0.9418,0.8335,0.9203,0.8394,0.9633,0.9410,0.9910,0.9558,1.0000,0.9601,1.0000,0.0625,0.1106,0.0633,0.0836
Schumann/Arabeske/Min09M,1.00x,0.9140,0.9445,0.9507,0.9844,0.8217,0.8503,0.8765,0.9070,0.8835,0.9848,0.8585,0.8882,0.3100,0.4711,0.0524,0.1560
Schumann/Arabeske/Min09M,0.75x,0.9449,0.9871,0.9560,0.9812,0.6884,0.8124,0.6379,0.7279,0.9126,0.9903,0.8323,0.8701,0.3090,0.6799,0.2046,0.3108
Schumann/Arabeske/Min09M,0.60x,0.9432,0.9812,0.9097,0.9707,0.6273,0.7221,0.5570,0.6227,0.9486,1.0000,0.8189,0.8523,0.0000,0.0000,0.1058,0.2151
Schumann/Arabeske/Min09M,0.50x,0.9306,0.9879,0.9005,0.9580,0.6833,0.7435,0.4865,0.5618,0.8317,0.8864,0.0000,0.0098,0.0000,0.0000,0.0000,0.0000
Schumann/Arabeske/Min09M,0.35x,0.7788,0.9011,0.7454,0.8848,0.2761,0.3295,0.2538,0.2943,0.0477,0.1097,0.0000,0.0044,0.0000,0.0000,0.0012,0.0045
Schumann/Arabeske/Min09M,0.25x,0.9055,0.9683,0.4249,0.4970,0.1889,0.2113,0.1524,0.1872,0.0000,0.0039,0.0000,0.0000,0.0000,0.0000,0.0000,0.0023
Schumann/Arabeske/Min09M,marked 2x too fast,0.9562,0.9758,0.9218,0.9535,0.5930,0.6525,0.0348,0.0657,0.8909,0.9871,0.0000,0.0063,0.0000,0.0016,0.2193,0.3456
Schumann/Arabeske/Min09M,marked 4x too fast,0.9527,0.9691,0.0938,0.1615,0.0313,0.0407,0.0508,0.0966,0.9023,0.9910,0.0000,0.0000,,,0.0000,0.0000
Schumann/Arabeske/Min09M,marked 2x too slow,0.9140,0.9453,0.8335,0.9855,0.9234,0.9687,0.9590,0.9656,0.9253,0.9977,0.9097,0.9934,0.1145,0.1321,0.0856,0.1013
Schumann/Arabeske/Min09M,slowing 1->0.4,0.9243,0.9822,0.9049,0.9906,0.5656,0.6251,0.5074,0.5572,0.7555,0.8236,0.7473,0.7572,0.0765,0.1225,0.1154,0.1573
Schumann/Arabeske/Min09M,speeding 0.4->1,0.9127,0.9734,0.8802,0.9161,0.6807,0.7308,0.6233,0.7262,0.8513,0.9437,0.0000,0.0110,0.0000,0.0000,0.0000,0.0000
Schumann/Arabeske/Min09M,sudden 1->0.5,0.9025,0.9607,0.9056,0.9901,0.6518,0.6755,0.5161,0.5567,0.7834,0.8443,0.7912,0.7990,0.1131,0.1810,0.0320,0.0554
Schumann/Arabeske/Min09M,round trip 0.5,0.7744,0.8475,0.9089,0.9758,0.8077,0.8456,0.7486,0.7811,0.8882,0.9848,0.8530,0.8858,0.3100,0.6333,0.0520,0.1294
