performance,composer,seconds,tracker_within_quarter,tracker_within_bar,tracker_one_tempo_within_quarter,tracker_one_tempo_within_bar,arzt_within_quarter,arzt_within_bar,dixon_within_quarter,dixon_within_bar,outer_product_hmm_within_quarter,outer_product_hmm_within_bar,kalman_filter_within_quarter,kalman_filter_within_bar,kalman_filter_scaled_within_quarter,kalman_filter_scaled_within_bar,particle_filter_within_quarter,particle_filter_within_bar,particle_filter_corrected_within_quarter,particle_filter_corrected_within_bar
Bach/Fugue/bwv_856/LuoJ01M,Bach,65.1,1.0000,1.0000,1.0000,1.0000,0.9897,0.9964,0.9180,0.9508,0.9194,0.9615,0.9422,0.9704,0.9986,1.0000,0.1412,0.2183,0.4276,0.4365
Bach/Fugue/bwv_857/Bult-ItoS02M,Bach,202.2,0.9936,1.0000,0.9926,1.0000,0.9975,1.0000,0.6964,0.9207,0.6973,0.8108,0.9931,1.0000,0.9968,1.0000,0.0100,0.0381,0.2071,0.3947
Bach/Fugue/bwv_858/Zhang01M,Bach,125.2,0.9981,1.0000,0.9937,1.0000,0.9928,1.0000,0.8650,0.9861,0.8390,0.9870,0.9881,1.0000,1.0000,1.0000,0.0167,0.0560,0.7450,1.0000
Bach/Fugue/bwv_862/Song04M,Bach,148.8,0.9961,1.0000,0.9446,1.0000,0.9134,1.0000,0.7148,0.9340,0.0644,0.0936,0.9989,1.0000,1.0000,1.0000,0.0170,0.0490,0.8554,1.0000
Bach/Fugue/bwv_873/Lisiecki13M,Bach,117.0,0.9986,1.0000,0.9986,1.0000,0.9964,1.0000,0.9879,0.9998,0.9476,0.9879,0.3934,0.4567,0.9992,1.0000,0.0071,0.1095,0.0173,0.0484
Bach/Fugue/bwv_874/BianF01,Bach,165.3,0.3615,1.0000,0.1191,1.0000,0.1015,1.0000,0.1216,0.9437,0.5340,0.9640,0.1044,1.0000,0.0997,1.0000,0.0104,0.0320,0.0680,0.1739
Bach/Fugue/bwv_891/Duepree06M,Bach,211.7,0.9042,1.0000,0.9040,1.0000,0.8787,1.0000,0.9736,1.0000,0.8887,1.0000,0.9765,1.0000,0.9929,1.0000,0.0343,0.1225,0.0584,0.0796
Bach/Fugue/bwv_892/Hou01M,Bach,242.3,0.9395,1.0000,0.9425,1.0000,0.9441,1.0000,0.9320,1.0000,0.9081,0.9913,0.9430,1.0000,0.9844,1.0000,0.0065,0.0461,0.0299,0.0727
Bach/Fugue/bwv_893/Kleisen04M,Bach,87.7,0.9992,1.0000,0.9992,1.0000,0.9979,0.9984,0.9775,0.9997,0.9592,0.9743,0.9923,1.0000,1.0000,1.0000,0.0196,0.0543,0.1551,0.1623
Bach/Prelude/bwv_862/Song04M,Bach,71.8,0.9854,1.0000,0.9854,1.0000,0.9146,0.9382,0.9735,1.0000,0.9392,0.9955,0.9696,1.0000,0.9576,0.9871,0.2529,0.6080,0.0637,0.0886
Bach/Prelude/bwv_863/LeeN01M,Bach,98.4,1.0000,1.0000,0.9776,1.0000,0.8344,0.8896,0.8169,0.9495,0.7770,0.9217,0.9762,1.0000,0.0238,0.0580,0.0224,0.0533,0.0229,0.0781
Bach/Prelude/bwv_864/SunD01M,Bach,61.7,0.9974,1.0000,0.9974,1.0000,0.9349,0.9722,0.9929,1.0000,0.9737,1.0000,0.9955,1.0000,0.9910,1.0000,0.1072,0.5735,0.5344,0.7326
Bach/Prelude/bwv_868/GonzalezJ05M,Bach,61.8,0.9823,1.0000,0.9925,1.0000,0.8759,0.9304,0.8255,1.0000,0.7725,0.9609,0.9932,1.0000,0.9906,1.0000,0.2211,0.4054,0.5310,0.8447
Bach/Prelude/bwv_874/WongWY01M,Bach,166.0,0.9446,1.0000,0.9498,1.0000,0.9302,1.0000,0.8920,1.0000,0.9088,1.0000,0.2930,0.3544,0.9857,1.0000,0.0117,0.2010,0.0324,0.0561
Bach/Prelude/bwv_876/SirajA01M,Bach,127.5,0.9386,1.0000,0.9386,1.0000,0.9366,1.0000,0.9772,1.0000,0.8733,0.9601,0.9776,1.0000,0.9765,0.9954,0.0168,0.0674,0.0113,0.0404
Bach/Prelude/bwv_884/LiA01M,Bach,68.1,0.9925,1.0000,0.9925,1.0000,0.9404,0.9611,0.9830,1.0000,0.9536,0.9847,0.9939,1.0000,0.9976,1.0000,0.0184,0.0399,0.0140,0.1513
Bach/Prelude/bwv_885/Guo01M,Bach,143.0,0.9989,1.0000,0.9989,1.0000,1.0000,1.0000,1.0000,1.0000,0.9282,0.9829,1.0000,1.0000,1.0000,1.0000,0.0443,0.2701,0.3476,0.5024
Beethoven/Piano_Sonatas/11-1/LiC03M,Beethoven,320.6,0.9406,1.0000,0.9406,1.0000,0.9266,0.9912,0.8637,0.9662,0.6861,0.8523,0.0043,0.0124,0.9289,0.9957,0.0093,0.0311,0.0044,0.0187
Beethoven/Piano_Sonatas/12-1/Kleisen05M,Beethoven,400.0,0.9528,0.9778,0.9528,0.9778,0.9442,0.9727,0.8328,0.8647,0.6883,0.7034,0.0284,0.0319,0.0264,0.0356,0.0261,0.0338,0.0634,0.0913
Beethoven/Piano_Sonatas/17-1/KaszoS09M,Beethoven,511.3,0.6969,0.9412,0.6941,0.9395,0.6765,0.9201,0.5767,0.8250,0.4763,0.7458,0.0676,0.0861,0.0785,0.1047,0.0073,0.0480,0.0568,0.0781
Beethoven/Piano_Sonatas/17-1_no_repeat/GuoE02M,Beethoven,369.3,0.6729,0.9498,0.6766,0.9498,0.6404,0.9046,0.5075,0.7862,0.4130,0.6202,0.0869,0.1332,0.0957,0.1232,0.0382,0.1174,0.0023,0.0168
Beethoven/Piano_Sonatas/17-3/USHIKI05M,Beethoven,319.5,0.7470,0.8458,0.7469,0.8458,0.7519,0.8524,0.9120,0.9572,0.9470,0.9785,0.0545,0.0621,0.3427,0.3851,0.0046,0.0067,0.0042,0.0093
Beethoven/Piano_Sonatas/21-1_no_repeat/ToA02M,Beethoven,482.7,0.8513,0.9788,0.8516,0.9789,0.8458,0.9703,0.0118,0.0172,0.6376,0.8192,0.0176,0.0299,0.8530,0.9443,0.0042,0.0082,0.0017,0.0070
Beethoven/Piano_Sonatas/21-2/YOO05M,Beethoven,237.8,0.9683,1.0000,0.9683,1.0000,0.9442,1.0000,0.9123,1.0000,0.7434,0.8936,0.9816,1.0000,0.9756,1.0000,0.2169,0.4484,0.1664,0.2962
Beethoven/Piano_Sonatas/24-1/Lisiecki05M,Beethoven,428.8,0.9134,1.0000,0.9243,1.0000,0.9187,1.0000,0.8161,0.9304,0.7554,0.9462,0.0924,0.1092,0.0803,0.0985,0.0634,0.1080,0.0064,0.0341
Beethoven/Piano_Sonatas/24-1_no_2_repeat/DeTurck06M,Beethoven,277.4,0.9279,0.9951,0.9264,0.9951,0.9306,0.9971,0.8570,0.9757,0.7652,0.9556,0.1319,0.1497,0.6081,0.6979,0.0235,0.1310,0.0390,0.0713
Beethoven/Piano_Sonatas/24-1_no_repeat/Lou02M,Beethoven,225.4,0.9129,0.9845,0.9129,0.9845,0.8819,0.9760,0.9017,0.9798,0.7513,0.9478,0.1790,0.2094,0.1884,0.2196,0.0687,0.1413,0.0493,0.0896
Beethoven/Piano_Sonatas/26-1/Zhdanov05M,Beethoven,393.1,0.8003,0.9746,0.8011,0.9746,0.8113,0.9804,0.7650,0.9316,0.6216,0.8468,0.2210,0.2314,0.9396,1.0000,0.0333,0.0754,0.0341,0.0551
Beethoven/Piano_Sonatas/26-2/LEE_K05M,Beethoven,224.0,0.9993,1.0000,1.0000,1.0000,0.9983,1.0000,0.9505,0.9963,0.9352,0.9756,1.0000,1.0000,0.3405,0.3710,0.0786,0.1472,0.0407,0.1106
Beethoven/Piano_Sonatas/27-1/MiyashitaM02M,Beethoven,316.7,0.8278,0.9744,0.8294,0.9758,0.8059,0.9798,0.7755,0.9322,0.5810,0.8321,0.1048,0.1245,0.7000,0.7514,0.0032,0.0120,0.0034,0.0084
Beethoven/Piano_Sonatas/28-1/WangY04M,Beethoven,233.3,0.9113,0.9970,0.9113,0.9970,0.8889,0.9960,0.8194,0.9715,0.5952,0.7428,0.9356,1.0000,0.9404,1.0000,0.0396,0.0844,0.0173,0.0328
Beethoven/Piano_Sonatas/7-1/LeeS02M,Beethoven,298.9,0.8193,0.9831,0.8199,0.9831,0.8047,0.9772,0.7347,0.9274,0.6067,0.8491,0.0239,0.0335,0.7607,0.8258,0.0145,0.0553,0.0008,0.0036
Beethoven/Piano_Sonatas/7-4/LeeS05M,Beethoven,233.8,0.6344,0.8652,0.6582,0.8893,0.6547,0.8974,0.6171,0.7583,0.5235,0.7457,0.0959,0.1137,0.2039,0.2500,0.0256,0.0803,0.0034,0.0145
Beethoven/Piano_Sonatas/8-3/Na06M,Beethoven,257.7,0.8946,0.9929,0.8946,0.9929,0.8819,0.9931,0.8181,0.9562,0.7673,0.9251,0.1294,0.1595,0.9352,1.0000,0.0182,0.0560,0.0036,0.0223
Beethoven/Piano_Sonatas/9-1/Tysman05M,Beethoven,263.0,0.8537,0.9880,0.8541,0.9880,0.8343,0.9615,0.7428,0.9318,0.7744,0.9383,0.3530,0.3995,0.9672,1.0000,0.0032,0.0338,0.0041,0.0228
Beethoven/Piano_Sonatas/9-3/Tysman05M,Beethoven,193.2,0.7528,0.9537,0.7532,0.9537,0.7381,0.9495,0.7550,0.9179,0.7349,0.9536,0.2564,0.2931,0.8369,0.9536,0.0054,0.0147,0.0034,0.0433
Chopin/Ballades/1/JIA06M,Chopin,546.6,0.6687,0.9311,0.6687,0.9311,0.6571,0.9234,0.6828,0.9310,0.5173,0.7520,0.2336,0.2687,0.3689,0.5217,0.0075,0.1052,0.0155,0.0671
Chopin/Ballades/2/Denisova17M,Chopin,337.7,0.7599,0.9426,0.7599,0.9486,0.7479,0.9324,0.7675,0.8988,0.6863,0.8315,0.2738,0.2932,0.8533,0.9355,0.0056,0.0422,0.0045,0.0148
Chopin/Ballades/3/LinPeng06M,Chopin,419.1,0.4309,0.7073,0.8283,0.9628,0.7989,0.9501,0.8346,0.9731,0.7345,0.8635,0.1607,0.1695,0.3071,0.3497,0.0564,0.1698,0.0489,0.1063
Chopin/Ballades/4/ChenC04M,Chopin,599.7,0.5936,0.6924,0.5936,0.6924,0.2858,0.3085,0.7282,0.7933,0.7371,0.8077,0.3539,0.3960,0.3539,0.3960,0.0064,0.0504,0.0142,0.0473
Chopin/Etudes_op_10/1/MunA07M,Chopin,102.1,0.4937,0.9072,0.4844,0.8987,0.5297,0.9276,0.9031,1.0000,0.8580,0.9816,0.0057,0.0143,0.6703,0.9884,0.0369,0.0976,0.0077,0.0291
Chopin/Etudes_op_10/10/WangH02M,Chopin,119.8,0.8594,0.9897,0.5682,0.9723,0.5874,0.9429,0.9258,0.9998,0.8446,0.9704,0.8543,1.0000,0.6707,0.7303,0.0054,0.0542,0.0043,0.0353
Chopin/Etudes_op_10/12/HuNY03M,Chopin,156.5,0.9111,1.0000,0.9142,1.0000,0.8988,0.9914,0.7354,0.9785,0.4020,0.8117,0.0607,0.0880,0.9265,0.9920,0.0144,0.0876,0.0095,0.0215
Chopin/Etudes_op_10/4/Yi03M,Chopin,122.1,0.9370,0.9981,0.9370,0.9981,0.8992,0.9639,0.8889,0.9939,0.6427,0.9452,0.2346,0.4119,0.9562,0.9998,0.0148,0.0879,0.0198,0.0641
Chopin/Etudes_op_10/5/LiA03M,Chopin,88.7,0.8495,0.9846,0.8497,0.9846,0.8524,0.9838,0.9270,0.9806,0.7987,0.9233,0.0115,0.0170,0.3398,0.3893,0.0183,0.0291,0.0592,0.1029
Chopin/Etudes_op_10/8/Tetzloff07M,Chopin,133.8,0.6512,0.9334,0.6512,0.9334,0.6489,0.9153,0.8096,0.9750,0.4977,0.8101,0.0042,0.0144,0.7395,0.9964,0.0094,0.0309,0.0066,0.0335
Chopin/Etudes_op_25/10/Guo02M,Chopin,239.3,0.8852,0.9696,0.8852,0.9696,0.8559,0.9721,0.8326,0.9432,0.7581,0.8981,0.0306,0.0571,0.3440,0.3816,0.0495,0.2287,0.0148,0.0286
Chopin/Etudes_op_25/11/MiyashitaM03M,Chopin,218.9,0.9173,1.0000,0.9182,1.0000,0.8868,1.0000,0.8097,0.9759,0.0499,0.0745,0.1157,0.1267,0.1181,0.1269,0.0662,0.1434,0.0525,0.0938
Chopin/Etudes_op_25/12/HouKimberly03M,Chopin,133.9,0.2249,0.9058,0.2275,0.9100,0.2240,0.9100,0.0848,0.6494,0.0711,0.6118,0.0057,0.0165,0.0184,0.0562,0.0099,0.0246,0.0085,0.0227
Chopin/Etudes_op_25/5/Levitsky10M,Chopin,180.4,0.7440,0.9026,0.7502,0.9062,0.7255,0.8903,0.7453,0.8909,0.6221,0.8185,0.1813,0.2595,0.1923,0.2299,0.0036,0.0201,0.0079,0.0154
Chopin/Polonaises/53/YeF11M,Chopin,454.9,0.8045,0.9038,0.8101,0.9078,0.7789,0.8971,0.8470,0.9727,0.5571,0.6892,0.0483,0.0579,0.0535,0.0622,0.0408,0.1446,0.0056,0.0138
Chopin/Scherzos/20/ZhangYunling04M,Chopin,522.4,0.2673,0.5296,0.7258,0.9400,0.7181,0.9300,0.6916,0.8394,0.1516,0.2015,0.0021,0.0053,0.0024,0.0057,0.0003,0.0034,0.0007,0.0020
Chopin/Scherzos/39/Arciglione13M,Chopin,429.8,0.5465,0.8202,0.5468,0.8202,0.5217,0.7839,0.5587,0.8083,0.4393,0.7309,0.0418,0.0499,0.1620,0.1899,0.0010,0.0045,0.0021,0.0038
Chopin/Sonata_2/4th/KaszoS16M,Chopin,79.3,0.7395,0.8734,0.7395,0.8734,0.7533,0.8928,0.1298,0.2177,0.6255,0.8860,0.0193,0.0425,0.5491,0.6285,0.0161,0.0311,0.0082,0.0346
Chopin/Sonata_3/4th/GarritsonL11M,Chopin,252.3,0.6883,0.8851,0.6883,0.8851,0.6903,0.8915,0.8056,0.9536,0.7308,0.8903,0.1344,0.1809,0.8875,0.9936,0.0030,0.0119,0.0021,0.0089
Glinka/The_Lark/Denisova10M,Glinka,323.9,0.7934,0.9692,0.7949,0.9692,0.7491,0.9556,0.8106,0.9667,0.2962,0.3790,0.4168,0.4644,0.4202,0.4643,0.1389,0.3696,0.0379,0.0907
Haydn/Keyboard_Sonatas/31-1/Song05M,Haydn,187.5,0.8945,0.9780,0.8945,0.9780,0.8312,0.9275,0.8895,0.9895,0.8245,0.9493,0.3727,0.4409,0.0047,0.0233,0.0047,0.0170,0.0115,0.0622
Haydn/Keyboard_Sonatas/39-1/Yarden07M,Haydn,203.5,0.8906,0.9089,0.8906,0.9089,0.8094,0.8381,0.8600,0.9051,0.8995,0.9198,0.8543,0.9097,0.8264,0.8391,0.0704,0.1224,0.0083,0.0178
Haydn/Keyboard_Sonatas/39-3/Yarden07M,Haydn,249.5,0.9571,0.9966,0.8952,0.9940,0.9140,0.9953,0.9592,0.9980,0.9070,0.9676,0.8882,0.9985,0.9895,1.0000,0.0033,0.0149,0.0114,0.0159
Haydn/Keyboard_Sonatas/46-1/WongWY02M,Haydn,359.8,0.8948,1.0000,0.8948,1.0000,0.8576,0.9764,0.7239,0.8973,0.6203,0.7957,0.3785,0.4163,0.6936,0.7517,0.0041,0.0133,0.3998,0.6273
Haydn/Keyboard_Sonatas/48-1/GarritsonL02M,Haydn,479.3,0.8634,0.9947,0.9102,0.9958,0.8355,0.9827,0.7386,0.8744,0.6209,0.8327,0.3941,0.4205,0.7609,0.8124,0.0053,0.0167,0.1051,0.1512
Haydn/Keyboard_Sonatas/48-2/PrjevalskayaM03M,Haydn,234.2,0.9279,0.9813,0.9297,0.9830,0.9372,0.9840,0.9154,0.9692,0.9094,0.9606,0.8992,0.9742,0.9889,1.0000,0.0033,0.0130,0.0172,0.0193
Haydn/Keyboard_Sonatas/50-1_no_repeat/HamSY02M,Haydn,306.9,0.8954,0.9862,0.8954,0.9862,0.8630,0.9716,0.9198,0.9855,0.8715,0.9883,0.0558,0.1063,0.0024,0.0078,0.0099,0.0549,0.0335,0.0743
Liszt/Annees_de_pelerinage_2/1_Gondoliera/LeungM12M,Liszt,289.2,0.5889,0.7257,0.5905,0.7275,0.7291,0.9346,0.6693,0.8722,0.4914,0.6958,0.2715,0.3707,0.3747,0.4974,0.0929,0.2517,0.0026,0.0134
Liszt/Ballade_2/GarritsonL04M,Liszt,849.6,0.2508,0.3921,0.2508,0.3924,0.2299,0.3893,0.0657,0.1031,0.3100,0.4133,0.0023,0.0081,0.1931,0.3180,0.0069,0.0363,0.0025,0.0118
Liszt/Concert_Etude_S145/1/Woo06M,Liszt,226.4,0.8253,0.9668,0.8242,0.9668,0.8169,0.9675,0.7965,0.9638,0.6630,0.8178,0.0143,0.0391,0.2867,0.3113,0.0124,0.0252,0.0035,0.0167
Liszt/Concert_Etude_S145/2/Tario06M,Liszt,166.5,0.7630,0.9472,0.7875,0.9831,0.7823,0.9480,0.6686,0.8719,0.5863,0.7421,0.0725,0.0912,0.0054,0.0106,0.0070,0.0481,0.0110,0.0227
Liszt/Gran_Etudes_de_Paganini/2_La_campanella/MunA08M,Liszt,259.6,0.7472,0.8339,0.8069,0.8981,0.7936,0.8877,0.6898,0.8301,0.8171,0.9273,0.3215,0.3795,0.3949,0.4268,0.0131,0.0528,0.0248,0.0560
Liszt/Gran_Etudes_de_Paganini/6_Theme_and_Variations/WangA07M,Liszt,277.7,0.8565,0.9340,0.8565,0.9340,0.8539,0.9438,0.8425,0.9117,0.5164,0.5849,0.0694,0.0829,0.7172,0.7709,0.0091,0.0203,0.0072,0.0116
Liszt/Gran_Etudes_de_Paganini/6_Theme_and_Variations_repeat/KanM09M,Liszt,338.5,0.8622,0.9405,0.8622,0.9405,0.8424,0.9516,0.7606,0.8556,0.4178,0.4704,0.1354,0.1674,0.5492,0.5945,0.1255,0.2479,0.0034,0.0097
Liszt/Hungarian_Rhapsodies/6/LiA09M,Liszt,385.7,0.7962,0.9443,0.7998,0.9479,0.7441,0.9238,0.7682,0.9025,0.6945,0.8408,0.2256,0.2624,0.4422,0.5218,0.0090,0.0250,0.0095,0.0114
Liszt/Transcendental_Etudes/1/LuoJ05M,Liszt,40.7,0.4974,0.9060,0.4974,0.9060,0.4781,0.9208,0.0177,0.0724,0.6365,0.8570,0.1556,0.2000,0.1624,0.2000,0.0302,0.1960,0.0980,0.2234
Liszt/Transcendental_Etudes/10/Huang17M,Liszt,297.2,0.8928,0.9708,0.8955,0.9716,0.8976,0.9578,0.8820,0.9516,0.5927,0.6532,0.0506,0.0663,0.2268,0.2427,0.0073,0.0166,0.0096,0.0182
Liszt/Transcendental_Etudes/11/Huang18M,Liszt,591.4,0.7585,0.9935,0.7630,0.9935,0.7407,0.9906,0.7089,0.8989,0.4084,0.6251,0.2748,0.3464,0.4677,0.5744,0.0051,0.0207,0.0324,0.1060
Liszt/Transcendental_Etudes/3/Huang14M,Liszt,250.1,0.8859,0.9933,0.8856,0.9933,0.8609,0.9814,0.8473,0.9325,0.0608,0.0688,0.9687,0.9994,0.9814,1.0000,0.0953,0.2288,0.0402,0.0539
Liszt/Transcendental_Etudes/5/Huang16M,Liszt,224.3,0.7539,0.8560,0.7548,0.8560,0.7022,0.8202,0.7902,0.8907,0.6148,0.7406,0.0278,0.0387,0.5253,0.5296,0.0244,0.0739,0.0555,0.1004
Mozart/Piano_Sonatas/12-1/MunA03M,Mozart,271.6,0.8237,0.9426,0.8274,0.9426,0.8167,0.9350,0.9059,0.9888,0.8489,0.9591,0.9394,0.9978,0.9738,0.9970,0.0040,0.0180,0.0027,0.0133
Mozart/Piano_Sonatas/12-3/MunA05M,Mozart,287.0,0.8621,0.9731,0.8648,0.9731,0.8755,0.9718,0.8777,0.9649,0.9000,0.9868,0.3621,0.3724,0.9907,1.0000,0.0067,0.0217,0.0036,0.0071
Rachmaninoff/Preludes_op_23/4/ChenGuang12M,Rachmaninoff,274.5,0.8947,0.9753,0.8997,0.9753,0.8967,0.9767,0.9245,0.9994,0.1786,0.2367,0.4811,0.5187,0.4604,0.5136,0.0511,0.1612,0.0442,0.1069
Rachmaninoff/Preludes_op_23/6/Nikiforov14M,Rachmaninoff,159.6,0.9631,1.0000,0.9631,1.0000,0.9604,1.0000,0.9436,1.0000,0.7734,0.8913,0.9789,1.0000,0.9937,1.0000,0.0076,0.0628,0.0109,0.0890
Rachmaninoff/Preludes_op_32/5/Namirovsky06M,Rachmaninoff,160.7,0.7884,0.9584,0.7884,0.9584,0.7893,0.9718,0.7172,0.9207,0.5923,0.8277,0.2021,0.2839,0.2863,0.3480,0.1908,0.3070,0.0308,0.1202
Schubert/Impromptu_op.90_D.899/1/Teo06M,Schubert,560.0,0.8450,0.9946,0.8450,0.9946,0.7993,0.9510,0.8580,0.9642,0.6977,0.8352,0.8936,0.9998,0.9204,1.0000,0.0271,0.0922,0.0078,0.0234
Schubert/Impromptu_op.90_D.899/2/HuNY06M,Schubert,286.0,0.5185,0.6434,0.5199,0.6448,0.2478,0.3007,0.8367,0.9369,0.7901,0.9087,0.7698,0.9902,0.9341,0.9973,0.0054,0.0153,0.0025,0.0125
Schubert/Impromptu_op.90_D.899/3/LEE_K04M,Schubert,333.3,0.4366,0.9038,0.4370,0.9038,0.4489,0.9165,0.8676,0.9976,0.7233,0.9307,0.0091,0.0519,0.7510,1.0000,0.0095,0.0327,0.0054,0.0331
Schubert/Impromptu_op.90_D.899/3/Mizumoto07M,Schubert,303.0,0.3889,0.8707,0.3918,0.8707,0.3850,0.8630,0.8159,0.9983,0.8281,0.9945,0.0064,0.0457,0.6238,0.9041,0.0097,0.0347,0.0040,0.0195
Schubert/Impromptu_op.90_D.899/4_no_repeat/LuoJ09M,Schubert,352.6,0.6824,0.8869,0.6800,0.8837,0.6788,0.8716,0.8421,0.9664,0.8367,0.9216,0.0212,0.0257,0.8425,0.9843,0.0099,0.0263,0.0024,0.0047
Schubert/Impromptu_op142/1/Kleisen10M,Schubert,579.5,0.8237,0.9998,0.8238,1.0000,0.7905,0.9918,0.7689,0.9445,0.7992,0.9706,0.0213,0.0285,0.2503,0.2824,0.0122,0.0621,0.0033,0.0079
Schubert/Impromptu_op142/3/RichardsonC06M,Schubert,677.2,0.8905,0.9852,0.8905,0.9852,0.8767,0.9837,0.6470,0.8279,0.6482,0.7781,0.5765,0.6389,0.7518,0.8093,0.0177,0.0676,0.0041,0.0189
Schubert/Moment_Musical_no_1/MunA10M,Schubert,347.1,0.7866,0.9487,0.7867,0.9487,0.7371,0.9074,0.6772,0.8894,0.6004,0.8016,0.4737,0.5323,0.9351,1.0000,0.0346,0.1167,0.0086,0.0634
Schubert/Moment_musical_no_3/Tetzloff09M,Schubert,102.6,0.8977,0.9785,0.8975,0.9785,0.8934,0.9667,0.8681,0.9826,0.9238,0.9937,0.6314,0.6633,0.9753,1.0000,0.0256,0.0468,0.0595,0.0864
Schubert/Piano_Sonatas/664-1/Mo10M,Schubert,336.7,0.8024,0.9811,0.8024,0.9811,0.8064,0.9735,0.8794,0.9705,0.7338,0.8794,0.6392,0.7520,0.0047,0.0214,0.0126,0.0493,0.0034,0.0328
Schubert/Piano_Sonatas/664-3/KabuliL12M,Schubert,304.0,0.7507,0.9135,0.7507,0.9135,0.7471,0.9149,0.9484,0.9936,0.8747,0.9459,0.2553,0.2774,0.9722,1.0000,0.0065,0.0115,0.0042,0.0115
Schubert/Piano_Sonatas/894-2/Yeletskiy08M,Schubert,454.9,0.9561,0.9860,0.8869,0.9241,0.8185,0.8759,0.7241,0.7690,0.7511,0.7872,0.2655,0.2669,0.2659,0.2676,0.0058,0.0090,0.1352,0.1554
Schubert/Piano_Sonatas/894-2_no_repeat/SINKEV12M,Schubert,430.0,0.9907,0.9953,0.9313,0.9644,0.8750,0.9273,0.7699,0.8278,0.7526,0.8000,0.1931,0.1961,0.2004,0.2037,0.0063,0.0086,0.0621,0.0738
Schubert/Wanderer_fantasie/Larionova05M,Schubert,1259.0,0.8071,0.9716,0.8071,0.9716,0.8020,0.9678,0.8095,0.9651,0.7280,0.8987,0.0007,0.0029,0.0046,0.0072,0.0013,0.0044,0.0039,0.0073
Schumann/Arabeske/ParkS15M,Schumann,426.3,0.7189,0.8087,0.8004,0.8986,0.7740,0.8819,0.8146,0.8874,0.7078,0.7967,0.6387,0.7414,0.7368,0.8217,0.0639,0.1587,0.0231,0.0301
Schumann/Toccata/DupreeF13M,Schumann,288.8,0.9578,0.9871,0.9578,0.9871,0.9492,0.9785,0.8689,0.9420,0.8292,0.9034,0.0794,0.1092,0.9411,0.9930,0.0178,0.0713,0.0292,0.0389
Schumann/Toccata_repeat/WangY07M,Schumann,400.6,0.9646,0.9957,0.9646,0.9957,0.9595,0.9886,0.8534,0.9310,0.7944,0.8703,0.0603,0.0879,0.9393,0.9940,0.0118,0.0141,0.0033,0.0079
Scriabin/Etudes_op_8/11/Shi08M,Scriabin,286.6,0.8808,0.9815,0.8761,0.9815,0.8470,0.9815,0.8765,0.9539,0.7274,0.8905,0.9631,1.0000,0.6670,0.7614,0.1154,0.3373,0.0301,0.0525
Scriabin/Sonatas/5/FaB05M,Scriabin,700.3,0.3350,0.6181,0.5156,0.6769,0.2928,0.3941,0.1957,0.2624,0.1045,0.1389,0.0026,0.0039,0.0056,0.0097,0.0031,0.0038,0.0006,0.0012
