performance,composer,restart,matchmaker_found_after_s,matchmaker_relocations_over_8_bars_wrong,tracker_found_after_s,tracker_relocations_over_8_bars_wrong,tracker_told_found_after_s,tracker_told_relocations_over_8_bars_wrong
Bach/Fugue/bwv_856/LuoJ01M,Bach,back six bars,11.94,0,9.59,0,0.05,0
Bach/Fugue/bwv_856/LuoJ01M,Bach,back from 60% to 40%,,0,,0,0.08,0
Bach/Fugue/bwv_856/LuoJ01M,Bach,start at 40%,,0,,0,0.00,0
Bach/Fugue/bwv_857/Bult-ItoS02M,Bach,back six bars,78.05,0,73.82,0,0.00,0
Bach/Fugue/bwv_857/Bult-ItoS02M,Bach,back from 60% to 40%,,0,48.12,0,0.68,0
Bach/Fugue/bwv_857/Bult-ItoS02M,Bach,start at 40%,,0,,1,0.00,0
Bach/Fugue/bwv_858/Zhang01M,Bach,back six bars,,0,,0,0.48,0
Bach/Fugue/bwv_858/Zhang01M,Bach,back from 60% to 40%,,0,,0,0.44,0
Bach/Fugue/bwv_858/Zhang01M,Bach,start at 40%,56.61,0,56.61,0,0.00,0
Bach/Fugue/bwv_862/Song04M,Bach,back six bars,,0,,0,0.74,0
Bach/Fugue/bwv_862/Song04M,Bach,back from 60% to 40%,,0,,0,0.81,0
Bach/Fugue/bwv_862/Song04M,Bach,start at 40%,48.34,0,48.34,0,0.00,0
Bach/Fugue/bwv_873/Lisiecki13M,Bach,back six bars,27.89,0,6.66,0,0.16,0
Bach/Fugue/bwv_873/Lisiecki13M,Bach,back from 60% to 40%,,0,44.48,0,0.34,0
Bach/Fugue/bwv_873/Lisiecki13M,Bach,start at 40%,,0,12.24,0,0.00,0
Bach/Fugue/bwv_874/BianF01,Bach,back six bars,,0,,0,0.02,0
Bach/Fugue/bwv_874/BianF01,Bach,back from 60% to 40%,,0,,0,1.37,0
Bach/Fugue/bwv_874/BianF01,Bach,start at 40%,,0,,0,0.00,0
Bach/Fugue/bwv_891/Duepree06M,Bach,back six bars,18.34,0,7.52,0,0.48,0
Bach/Fugue/bwv_891/Duepree06M,Bach,back from 60% to 40%,89.42,0,89.60,0,0.32,0
Bach/Fugue/bwv_891/Duepree06M,Bach,start at 40%,,0,,0,0.00,0
Bach/Fugue/bwv_892/Hou01M,Bach,back six bars,29.29,0,16.70,0,0.65,0
Bach/Fugue/bwv_892/Hou01M,Bach,back from 60% to 40%,,0,90.82,0,0.36,0
Bach/Fugue/bwv_892/Hou01M,Bach,start at 40%,,0,92.93,0,0.00,0
Bach/Fugue/bwv_893/Kleisen04M,Bach,back six bars,15.25,0,13.07,0,0.20,0
Bach/Fugue/bwv_893/Kleisen04M,Bach,back from 60% to 40%,,0,49.78,0,0.14,0
Bach/Fugue/bwv_893/Kleisen04M,Bach,start at 40%,,0,15.70,0,0.00,0
Bach/Prelude/bwv_862/Song04M,Bach,back six bars,16.46,0,14.79,0,0.02,0
Bach/Prelude/bwv_862/Song04M,Bach,back from 60% to 40%,40.03,0,36.43,0,0.14,0
Bach/Prelude/bwv_862/Song04M,Bach,start at 40%,,0,11.03,0,0.00,0
Bach/Prelude/bwv_863/LeeN01M,Bach,back six bars,,0,26.39,0,0.01,0
Bach/Prelude/bwv_863/LeeN01M,Bach,back from 60% to 40%,,0,,0,0.68,0
Bach/Prelude/bwv_863/LeeN01M,Bach,start at 40%,32.86,0,38.68,0,0.00,0
Bach/Prelude/bwv_864/SunD01M,Bach,back six bars,,0,,0,0.15,0
Bach/Prelude/bwv_864/SunD01M,Bach,back from 60% to 40%,,0,,0,0.05,0
Bach/Prelude/bwv_864/SunD01M,Bach,start at 40%,,0,,0,0.00,0
Bach/Prelude/bwv_868/GonzalezJ05M,Bach,back six bars,,0,23.19,0,0.01,0
Bach/Prelude/bwv_868/GonzalezJ05M,Bach,back from 60% to 40%,,0,,0,0.36,0
Bach/Prelude/bwv_868/GonzalezJ05M,Bach,start at 40%,24.61,0,26.15,0,0.00,0
Bach/Prelude/bwv_874/WongWY01M,Bach,back six bars,31.25,0,11.93,0,0.37,0
Bach/Prelude/bwv_874/WongWY01M,Bach,back from 60% to 40%,,0,14.68,0,0.29,0
Bach/Prelude/bwv_874/WongWY01M,Bach,start at 40%,,0,21.57,0,0.00,0
Bach/Prelude/bwv_876/SirajA01M,Bach,back six bars,19.41,0,17.29,0,0.04,0
Bach/Prelude/bwv_876/SirajA01M,Bach,back from 60% to 40%,63.10,0,24.50,0,0.49,0
Bach/Prelude/bwv_876/SirajA01M,Bach,start at 40%,,0,,1,0.00,0
Bach/Prelude/bwv_884/LiA01M,Bach,back six bars,16.85,0,9.07,0,0.02,0
Bach/Prelude/bwv_884/LiA01M,Bach,back from 60% to 40%,29.82,0,23.11,0,0.35,0
Bach/Prelude/bwv_884/LiA01M,Bach,start at 40%,,0,10.45,0,0.00,0
Bach/Prelude/bwv_885/Guo01M,Bach,back six bars,,0,5.41,0,0.44,0
Bach/Prelude/bwv_885/Guo01M,Bach,back from 60% to 40%,76.37,0,32.86,0,0.56,0
Bach/Prelude/bwv_885/Guo01M,Bach,start at 40%,,0,29.02,0,0.00,0
Beethoven/Piano_Sonatas/11-1/LiC03M,Beethoven,back six bars,13.30,0,5.97,0,0.14,0
Beethoven/Piano_Sonatas/11-1/LiC03M,Beethoven,back from 60% to 40%,190.61,0,31.41,0,0.32,0
Beethoven/Piano_Sonatas/11-1/LiC03M,Beethoven,start at 40%,,0,14.19,0,0.00,0
Beethoven/Piano_Sonatas/12-1/Kleisen05M,Beethoven,back six bars,38.19,0,34.15,0,34.17,1
Beethoven/Piano_Sonatas/12-1/Kleisen05M,Beethoven,back from 60% to 40%,,0,169.00,2,0.10,0
Beethoven/Piano_Sonatas/12-1/Kleisen05M,Beethoven,start at 40%,,0,,3,0.00,0
Beethoven/Piano_Sonatas/17-1/KaszoS09M,Beethoven,back six bars,10.14,0,9.45,0,0.02,0
Beethoven/Piano_Sonatas/17-1/KaszoS09M,Beethoven,back from 60% to 40%,,0,89.45,1,3.65,0
Beethoven/Piano_Sonatas/17-1/KaszoS09M,Beethoven,start at 40%,,0,154.11,2,3.65,0
Beethoven/Piano_Sonatas/17-1_no_repeat/GuoE02M,Beethoven,back six bars,17.60,0,25.61,0,0.04,0
Beethoven/Piano_Sonatas/17-1_no_repeat/GuoE02M,Beethoven,back from 60% to 40%,,0,47.51,1,0.63,0
Beethoven/Piano_Sonatas/17-1_no_repeat/GuoE02M,Beethoven,start at 40%,,0,131.82,0,0.00,0
Beethoven/Piano_Sonatas/17-3/USHIKI05M,Beethoven,back six bars,4.90,0,4.44,0,0.10,0
Beethoven/Piano_Sonatas/17-3/USHIKI05M,Beethoven,back from 60% to 40%,162.09,0,,2,4.45,0
Beethoven/Piano_Sonatas/17-3/USHIKI05M,Beethoven,start at 40%,,0,,2,4.50,0
Beethoven/Piano_Sonatas/21-1_no_repeat/ToA02M,Beethoven,back six bars,9.11,0,9.92,0,0.24,0
Beethoven/Piano_Sonatas/21-1_no_repeat/ToA02M,Beethoven,back from 60% to 40%,,0,110.21,0,0.08,0
Beethoven/Piano_Sonatas/21-1_no_repeat/ToA02M,Beethoven,start at 40%,,0,39.66,1,0.00,0
Beethoven/Piano_Sonatas/21-2/YOO05M,Beethoven,back six bars,115.01,0,84.82,0,2.39,0
Beethoven/Piano_Sonatas/21-2/YOO05M,Beethoven,back from 60% to 40%,89.32,0,72.74,0,2.52,0
Beethoven/Piano_Sonatas/21-2/YOO05M,Beethoven,start at 40%,,0,72.75,0,0.00,0
Beethoven/Piano_Sonatas/24-1/Lisiecki05M,Beethoven,back six bars,14.63,0,8.82,0,0.11,0
Beethoven/Piano_Sonatas/24-1/Lisiecki05M,Beethoven,back from 60% to 40%,,0,,1,0.21,0
Beethoven/Piano_Sonatas/24-1/Lisiecki05M,Beethoven,start at 40%,,0,,2,0.00,0
Beethoven/Piano_Sonatas/24-1_no_2_repeat/DeTurck06M,Beethoven,back six bars,18.42,0,17.12,0,0.10,0
Beethoven/Piano_Sonatas/24-1_no_2_repeat/DeTurck06M,Beethoven,back from 60% to 40%,156.03,0,46.04,0,0.32,0
Beethoven/Piano_Sonatas/24-1_no_2_repeat/DeTurck06M,Beethoven,start at 40%,,0,70.17,2,0.00,0
Beethoven/Piano_Sonatas/24-1_no_repeat/Lou02M,Beethoven,back six bars,21.85,0,6.99,0,0.26,0
Beethoven/Piano_Sonatas/24-1_no_repeat/Lou02M,Beethoven,back from 60% to 40%,121.25,0,38.31,0,0.18,0
Beethoven/Piano_Sonatas/24-1_no_repeat/Lou02M,Beethoven,start at 40%,,0,14.95,0,0.00,0
Beethoven/Piano_Sonatas/26-1/Zhdanov05M,Beethoven,back six bars,13.93,0,5.71,0,0.16,0
Beethoven/Piano_Sonatas/26-1/Zhdanov05M,Beethoven,back from 60% to 40%,,0,,0,0.14,0
Beethoven/Piano_Sonatas/26-1/Zhdanov05M,Beethoven,start at 40%,,0,54.03,1,0.00,0
Beethoven/Piano_Sonatas/26-2/LEE_K05M,Beethoven,back six bars,108.31,0,9.35,0,0.62,0
Beethoven/Piano_Sonatas/26-2/LEE_K05M,Beethoven,back from 60% to 40%,99.28,0,19.33,0,1.75,0
Beethoven/Piano_Sonatas/26-2/LEE_K05M,Beethoven,start at 40%,,0,12.40,0,0.00,0
Beethoven/Piano_Sonatas/27-1/MiyashitaM02M,Beethoven,back six bars,11.27,0,9.34,0,0.01,0
Beethoven/Piano_Sonatas/27-1/MiyashitaM02M,Beethoven,back from 60% to 40%,113.27,0,12.48,0,0.17,0
Beethoven/Piano_Sonatas/27-1/MiyashitaM02M,Beethoven,start at 40%,,0,27.75,0,0.00,0
Beethoven/Piano_Sonatas/28-1/WangY04M,Beethoven,back six bars,26.17,0,21.11,0,0.65,0
Beethoven/Piano_Sonatas/28-1/WangY04M,Beethoven,back from 60% to 40%,,0,70.59,0,0.58,0
Beethoven/Piano_Sonatas/28-1/WangY04M,Beethoven,start at 40%,,0,14.02,0,0.00,0
Beethoven/Piano_Sonatas/7-1/LeeS02M,Beethoven,back six bars,10.28,0,9.76,0,0.08,0
Beethoven/Piano_Sonatas/7-1/LeeS02M,Beethoven,back from 60% to 40%,,0,66.74,1,0.26,0
Beethoven/Piano_Sonatas/7-1/LeeS02M,Beethoven,start at 40%,,0,14.58,0,0.00,0
Beethoven/Piano_Sonatas/7-4/LeeS05M,Beethoven,back six bars,46.89,0,41.87,0,0.00,0
Beethoven/Piano_Sonatas/7-4/LeeS05M,Beethoven,back from 60% to 40%,,0,58.33,0,0.44,0
Beethoven/Piano_Sonatas/7-4/LeeS05M,Beethoven,start at 40%,,0,111.08,1,0.00,0
Beethoven/Piano_Sonatas/8-3/Na06M,Beethoven,back six bars,9.04,0,9.62,0,0.42,0
Beethoven/Piano_Sonatas/8-3/Na06M,Beethoven,back from 60% to 40%,107.61,0,54.65,0,0.22,0
Beethoven/Piano_Sonatas/8-3/Na06M,Beethoven,start at 40%,,0,75.28,1,0.00,0
Beethoven/Piano_Sonatas/9-1/Tysman05M,Beethoven,back six bars,25.14,0,23.72,0,0.25,0
Beethoven/Piano_Sonatas/9-1/Tysman05M,Beethoven,back from 60% to 40%,,0,65.87,2,0.18,0
Beethoven/Piano_Sonatas/9-1/Tysman05M,Beethoven,start at 40%,,0,,1,0.00,0
Beethoven/Piano_Sonatas/9-3/Tysman05M,Beethoven,back six bars,9.59,0,10.24,0,0.14,0
Beethoven/Piano_Sonatas/9-3/Tysman05M,Beethoven,back from 60% to 40%,,0,57.08,0,0.12,0
Beethoven/Piano_Sonatas/9-3/Tysman05M,Beethoven,start at 40%,,0,,0,0.00,0
Chopin/Ballades/1/JIA06M,Chopin,back six bars,32.69,0,23.31,0,0.02,0
Chopin/Ballades/1/JIA06M,Chopin,back from 60% to 40%,,0,122.71,0,0.88,0
Chopin/Ballades/1/JIA06M,Chopin,start at 40%,,0,40.22,0,0.00,0
Chopin/Ballades/2/Denisova17M,Chopin,back six bars,17.03,0,16.24,0,0.15,0
Chopin/Ballades/2/Denisova17M,Chopin,back from 60% to 40%,,0,80.48,1,0.56,0
Chopin/Ballades/2/Denisova17M,Chopin,start at 40%,,0,,0,0.00,0
Chopin/Ballades/3/LinPeng06M,Chopin,back six bars,33.38,0,28.29,0,0.59,0
Chopin/Ballades/3/LinPeng06M,Chopin,back from 60% to 40%,204.64,0,76.70,0,0.63,0
Chopin/Ballades/3/LinPeng06M,Chopin,start at 40%,,0,11.22,0,0.00,0
Chopin/Ballades/4/ChenC04M,Chopin,back six bars,,0,10.24,2,0.02,2
Chopin/Ballades/4/ChenC04M,Chopin,back from 60% to 40%,6.27,0,243.83,2,1.65,1
Chopin/Ballades/4/ChenC04M,Chopin,start at 40%,,0,157.64,0,0.00,1
Chopin/Etudes_op_10/1/MunA07M,Chopin,back six bars,15.17,0,5.38,0,0.13,0
Chopin/Etudes_op_10/1/MunA07M,Chopin,back from 60% to 40%,43.64,0,22.56,0,0.15,0
Chopin/Etudes_op_10/1/MunA07M,Chopin,start at 40%,,0,9.96,0,0.00,0
Chopin/Etudes_op_10/10/WangH02M,Chopin,back six bars,12.39,0,6.07,0,0.03,0
Chopin/Etudes_op_10/10/WangH02M,Chopin,back from 60% to 40%,63.65,0,34.18,0,0.07,0
Chopin/Etudes_op_10/10/WangH02M,Chopin,start at 40%,,0,,0,0.00,0
Chopin/Etudes_op_10/12/HuNY03M,Chopin,back six bars,21.64,0,14.51,0,0.02,0
Chopin/Etudes_op_10/12/HuNY03M,Chopin,back from 60% to 40%,,0,55.93,0,0.13,0
Chopin/Etudes_op_10/12/HuNY03M,Chopin,start at 40%,,0,,2,0.00,0
Chopin/Etudes_op_10/4/Yi03M,Chopin,back six bars,19.54,0,9.28,0,0.32,0
Chopin/Etudes_op_10/4/Yi03M,Chopin,back from 60% to 40%,,0,16.88,0,0.21,0
Chopin/Etudes_op_10/4/Yi03M,Chopin,start at 40%,,0,12.10,0,0.00,0
Chopin/Etudes_op_10/5/LiA03M,Chopin,back six bars,7.40,0,6.17,0,0.06,0
Chopin/Etudes_op_10/5/LiA03M,Chopin,back from 60% to 40%,29.27,0,11.48,0,0.24,0
Chopin/Etudes_op_10/5/LiA03M,Chopin,start at 40%,,0,13.77,0,0.00,0
Chopin/Etudes_op_10/8/Tetzloff07M,Chopin,back six bars,19.63,0,18.33,0,0.22,0
Chopin/Etudes_op_10/8/Tetzloff07M,Chopin,back from 60% to 40%,66.32,0,43.35,0,0.21,0
Chopin/Etudes_op_10/8/Tetzloff07M,Chopin,start at 40%,,0,51.43,0,0.00,0
Chopin/Etudes_op_25/10/Guo02M,Chopin,back six bars,28.49,0,50.15,0,0.21,0
Chopin/Etudes_op_25/10/Guo02M,Chopin,back from 60% to 40%,,0,123.04,0,0.09,0
Chopin/Etudes_op_25/10/Guo02M,Chopin,start at 40%,,0,,0,0.00,0
Chopin/Etudes_op_25/11/MiyashitaM03M,Chopin,back six bars,23.59,0,12.03,0,0.18,0
Chopin/Etudes_op_25/11/MiyashitaM03M,Chopin,back from 60% to 40%,,0,,0,0.32,0
Chopin/Etudes_op_25/11/MiyashitaM03M,Chopin,start at 40%,,0,46.02,0,0.00,0
Chopin/Etudes_op_25/12/HouKimberly03M,Chopin,back six bars,23.43,0,19.71,0,0.02,0
Chopin/Etudes_op_25/12/HouKimberly03M,Chopin,back from 60% to 40%,66.91,0,66.59,0,0.23,0
Chopin/Etudes_op_25/12/HouKimberly03M,Chopin,start at 40%,,0,13.24,0,0.00,0
Chopin/Etudes_op_25/5/Levitsky10M,Chopin,back six bars,18.31,0,12.53,0,0.39,0
Chopin/Etudes_op_25/5/Levitsky10M,Chopin,back from 60% to 40%,,0,,1,0.19,0
Chopin/Etudes_op_25/5/Levitsky10M,Chopin,start at 40%,,0,,0,0.00,0
Chopin/Polonaises/53/YeF11M,Chopin,back six bars,29.09,0,41.46,0,0.01,0
Chopin/Polonaises/53/YeF11M,Chopin,back from 60% to 40%,,0,98.83,1,0.75,0
Chopin/Polonaises/53/YeF11M,Chopin,start at 40%,,0,,4,0.00,0
Chopin/Scherzos/20/ZhangYunling04M,Chopin,back six bars,44.09,0,6.10,0,0.18,0
Chopin/Scherzos/20/ZhangYunling04M,Chopin,back from 60% to 40%,,0,,1,0.15,0
Chopin/Scherzos/20/ZhangYunling04M,Chopin,start at 40%,,0,,2,0.00,0
Chopin/Scherzos/39/Arciglione13M,Chopin,back six bars,23.60,0,23.58,0,2.19,0
Chopin/Scherzos/39/Arciglione13M,Chopin,back from 60% to 40%,,0,,1,0.14,0
Chopin/Scherzos/39/Arciglione13M,Chopin,start at 40%,,0,68.31,0,0.00,0
Chopin/Sonata_2/4th/KaszoS16M,Chopin,back six bars,11.08,0,8.69,0,2.31,0
Chopin/Sonata_2/4th/KaszoS16M,Chopin,back from 60% to 40%,32.83,0,11.56,0,0.04,0
Chopin/Sonata_2/4th/KaszoS16M,Chopin,start at 40%,,0,24.26,0,0.00,0
Chopin/Sonata_3/4th/GarritsonL11M,Chopin,back six bars,8.70,0,8.54,0,0.16,0
Chopin/Sonata_3/4th/GarritsonL11M,Chopin,back from 60% to 40%,133.77,0,85.61,0,0.30,0
Chopin/Sonata_3/4th/GarritsonL11M,Chopin,start at 40%,,0,,1,0.00,0
Glinka/The_Lark/Denisova10M,Glinka,back six bars,111.50,0,89.58,1,0.02,0
Glinka/The_Lark/Denisova10M,Glinka,back from 60% to 40%,,0,,0,0.95,0
Glinka/The_Lark/Denisova10M,Glinka,start at 40%,,0,,0,0.00,0
Haydn/Keyboard_Sonatas/31-1/Song05M,Haydn,back six bars,28.99,0,22.74,0,0.31,0
Haydn/Keyboard_Sonatas/31-1/Song05M,Haydn,back from 60% to 40%,,0,88.34,0,0.15,0
Haydn/Keyboard_Sonatas/31-1/Song05M,Haydn,start at 40%,,0,42.21,0,0.00,0
Haydn/Keyboard_Sonatas/39-1/Yarden07M,Haydn,back six bars,22.72,0,17.87,0,0.32,0
Haydn/Keyboard_Sonatas/39-1/Yarden07M,Haydn,back from 60% to 40%,,0,70.90,0,0.52,0
Haydn/Keyboard_Sonatas/39-1/Yarden07M,Haydn,start at 40%,,0,,0,0.00,0
Haydn/Keyboard_Sonatas/39-3/Yarden07M,Haydn,back six bars,10.77,0,9.54,0,0.04,0
Haydn/Keyboard_Sonatas/39-3/Yarden07M,Haydn,back from 60% to 40%,91.48,0,,1,0.02,0
Haydn/Keyboard_Sonatas/39-3/Yarden07M,Haydn,start at 40%,,0,,1,0.00,0
Haydn/Keyboard_Sonatas/46-1/WongWY02M,Haydn,back six bars,28.30,0,11.88,0,0.20,0
Haydn/Keyboard_Sonatas/46-1/WongWY02M,Haydn,back from 60% to 40%,,0,,0,0.07,0
Haydn/Keyboard_Sonatas/46-1/WongWY02M,Haydn,start at 40%,,0,,0,0.00,0
Haydn/Keyboard_Sonatas/48-1/GarritsonL02M,Haydn,back six bars,17.74,0,17.70,0,0.00,0
Haydn/Keyboard_Sonatas/48-1/GarritsonL02M,Haydn,back from 60% to 40%,,0,,0,0.76,0
Haydn/Keyboard_Sonatas/48-1/GarritsonL02M,Haydn,start at 40%,,0,208.17,0,0.00,0
Haydn/Keyboard_Sonatas/48-2/PrjevalskayaM03M,Haydn,back six bars,7.23,0,7.02,0,0.22,0
Haydn/Keyboard_Sonatas/48-2/PrjevalskayaM03M,Haydn,back from 60% to 40%,98.08,0,106.02,1,0.32,0
Haydn/Keyboard_Sonatas/48-2/PrjevalskayaM03M,Haydn,start at 40%,,0,124.78,1,0.00,0
Haydn/Keyboard_Sonatas/50-1_no_repeat/HamSY02M,Haydn,back six bars,20.35,0,15.59,0,0.01,0
Haydn/Keyboard_Sonatas/50-1_no_repeat/HamSY02M,Haydn,back from 60% to 40%,169.58,0,25.53,0,0.47,0
Haydn/Keyboard_Sonatas/50-1_no_repeat/HamSY02M,Haydn,start at 40%,,0,20.55,0,0.00,0
Liszt/Annees_de_pelerinage_2/1_Gondoliera/LeungM12M,Liszt,back six bars,20.86,0,20.17,0,0.73,0
Liszt/Annees_de_pelerinage_2/1_Gondoliera/LeungM12M,Liszt,back from 60% to 40%,102.99,0,101.37,0,0.94,0
Liszt/Annees_de_pelerinage_2/1_Gondoliera/LeungM12M,Liszt,start at 40%,,0,47.42,0,0.00,0
Liszt/Ballade_2/GarritsonL04M,Liszt,back six bars,25.17,0,16.37,7,0.40,6
Liszt/Ballade_2/GarritsonL04M,Liszt,back from 60% to 40%,143.61,0,80.94,4,0.23,2
Liszt/Ballade_2/GarritsonL04M,Liszt,start at 40%,,0,,6,0.00,7
Liszt/Concert_Etude_S145/1/Woo06M,Liszt,back six bars,34.74,0,14.59,0,0.26,0
Liszt/Concert_Etude_S145/1/Woo06M,Liszt,back from 60% to 40%,,0,92.64,0,0.04,0
Liszt/Concert_Etude_S145/1/Woo06M,Liszt,start at 40%,,0,27.26,0,0.00,0
Liszt/Concert_Etude_S145/2/Tario06M,Liszt,back six bars,12.36,0,10.06,0,0.10,0
Liszt/Concert_Etude_S145/2/Tario06M,Liszt,back from 60% to 40%,,0,23.04,0,0.05,0
Liszt/Concert_Etude_S145/2/Tario06M,Liszt,start at 40%,,0,74.44,0,0.00,0
Liszt/Gran_Etudes_de_Paganini/2_La_campanella/MunA08M,Liszt,back six bars,19.86,0,58.62,0,0.01,0
Liszt/Gran_Etudes_de_Paganini/2_La_campanella/MunA08M,Liszt,back from 60% to 40%,,0,119.30,3,1.48,0
Liszt/Gran_Etudes_de_Paganini/2_La_campanella/MunA08M,Liszt,start at 40%,,0,,0,0.00,0
Liszt/Gran_Etudes_de_Paganini/6_Theme_and_Variations/WangA07M,Liszt,back six bars,84.02,0,48.82,0,0.04,0
Liszt/Gran_Etudes_de_Paganini/6_Theme_and_Variations/WangA07M,Liszt,back from 60% to 40%,,0,,1,0.48,0
Liszt/Gran_Etudes_de_Paganini/6_Theme_and_Variations/WangA07M,Liszt,start at 40%,,0,,0,0.00,0
Liszt/Gran_Etudes_de_Paganini/6_Theme_and_Variations_repeat/KanM09M,Liszt,back six bars,30.15,0,148.20,0,0.01,0
Liszt/Gran_Etudes_de_Paganini/6_Theme_and_Variations_repeat/KanM09M,Liszt,back from 60% to 40%,,0,,1,0.30,0
Liszt/Gran_Etudes_de_Paganini/6_Theme_and_Variations_repeat/KanM09M,Liszt,start at 40%,,0,,0,0.00,0
Liszt/Hungarian_Rhapsodies/6/LiA09M,Liszt,back six bars,,0,204.75,0,0.02,0
Liszt/Hungarian_Rhapsodies/6/LiA09M,Liszt,back from 60% to 40%,,0,168.45,1,0.55,0
Liszt/Hungarian_Rhapsodies/6/LiA09M,Liszt,start at 40%,,0,98.73,0,0.00,0
Liszt/Transcendental_Etudes/1/LuoJ05M,Liszt,back six bars,16.14,0,9.94,0,0.26,0
Liszt/Transcendental_Etudes/1/LuoJ05M,Liszt,back from 60% to 40%,4.77,0,4.03,0,0.29,0
Liszt/Transcendental_Etudes/1/LuoJ05M,Liszt,start at 40%,,0,,0,0.00,0
Liszt/Transcendental_Etudes/10/Huang17M,Liszt,back six bars,43.84,0,37.96,0,0.00,0
Liszt/Transcendental_Etudes/10/Huang17M,Liszt,back from 60% to 40%,,0,,1,0.23,0
Liszt/Transcendental_Etudes/10/Huang17M,Liszt,start at 40%,,0,88.00,0,0.00,0
Liszt/Transcendental_Etudes/11/Huang18M,Liszt,back six bars,134.23,0,28.04,0,2.62,0
Liszt/Transcendental_Etudes/11/Huang18M,Liszt,back from 60% to 40%,,0,132.81,0,0.67,0
Liszt/Transcendental_Etudes/11/Huang18M,Liszt,start at 40%,,0,96.92,1,0.00,0
Liszt/Transcendental_Etudes/3/Huang14M,Liszt,back six bars,20.51,0,14.31,0,0.43,0
Liszt/Transcendental_Etudes/3/Huang14M,Liszt,back from 60% to 40%,89.81,0,62.02,0,0.28,0
Liszt/Transcendental_Etudes/3/Huang14M,Liszt,start at 40%,,0,,1,0.00,0
Liszt/Transcendental_Etudes/5/Huang16M,Liszt,back six bars,,0,12.89,0,0.35,0
Liszt/Transcendental_Etudes/5/Huang16M,Liszt,back from 60% to 40%,,0,40.74,0,0.47,0
Liszt/Transcendental_Etudes/5/Huang16M,Liszt,start at 40%,,0,129.99,0,0.00,0
Mozart/Piano_Sonatas/12-1/MunA03M,Mozart,back six bars,7.05,0,10.68,0,0.09,0
Mozart/Piano_Sonatas/12-1/MunA03M,Mozart,back from 60% to 40%,134.09,0,128.00,0,0.22,0
Mozart/Piano_Sonatas/12-1/MunA03M,Mozart,start at 40%,,0,,4,0.00,0
Mozart/Piano_Sonatas/12-3/MunA05M,Mozart,back six bars,8.78,0,8.16,0,0.26,0
Mozart/Piano_Sonatas/12-3/MunA05M,Mozart,back from 60% to 40%,148.68,0,150.89,0,0.23,0
Mozart/Piano_Sonatas/12-3/MunA05M,Mozart,start at 40%,,0,43.77,0,0.00,0
Rachmaninoff/Preludes_op_23/4/ChenGuang12M,Rachmaninoff,back six bars,27.34,0,19.75,0,0.80,0
Rachmaninoff/Preludes_op_23/4/ChenGuang12M,Rachmaninoff,back from 60% to 40%,,0,109.33,0,0.57,0
Rachmaninoff/Preludes_op_23/4/ChenGuang12M,Rachmaninoff,start at 40%,,0,15.19,0,0.00,0
Rachmaninoff/Preludes_op_23/6/Nikiforov14M,Rachmaninoff,back six bars,96.36,0,7.94,0,0.18,0
Rachmaninoff/Preludes_op_23/6/Nikiforov14M,Rachmaninoff,back from 60% to 40%,,0,27.80,0,0.07,0
Rachmaninoff/Preludes_op_23/6/Nikiforov14M,Rachmaninoff,start at 40%,,0,65.78,0,0.00,0
Rachmaninoff/Preludes_op_32/5/Namirovsky06M,Rachmaninoff,back six bars,55.17,0,16.40,0,0.26,0
Rachmaninoff/Preludes_op_32/5/Namirovsky06M,Rachmaninoff,back from 60% to 40%,49.86,0,6.95,0,0.49,0
Rachmaninoff/Preludes_op_32/5/Namirovsky06M,Rachmaninoff,start at 40%,,0,,0,0.00,0
Schubert/Impromptu_op.90_D.899/1/Teo06M,Schubert,back six bars,31.02,0,17.37,0,0.07,0
Schubert/Impromptu_op.90_D.899/1/Teo06M,Schubert,back from 60% to 40%,270.91,0,158.68,0,0.42,0
Schubert/Impromptu_op.90_D.899/1/Teo06M,Schubert,start at 40%,,0,,2,0.00,0
Schubert/Impromptu_op.90_D.899/2/HuNY06M,Schubert,back six bars,,0,9.28,0,0.20,0
Schubert/Impromptu_op.90_D.899/2/HuNY06M,Schubert,back from 60% to 40%,34.39,0,26.33,0,0.14,0
Schubert/Impromptu_op.90_D.899/2/HuNY06M,Schubert,start at 40%,,0,30.05,0,0.00,0
Schubert/Impromptu_op.90_D.899/3/LEE_K04M,Schubert,back six bars,0.36,0,54.37,0,0.54,0
Schubert/Impromptu_op.90_D.899/3/LEE_K04M,Schubert,back from 60% to 40%,114.07,0,56.63,0,0.11,0
Schubert/Impromptu_op.90_D.899/3/LEE_K04M,Schubert,start at 40%,,0,58.79,0,0.00,0
Schubert/Impromptu_op.90_D.899/3/Mizumoto07M,Schubert,back six bars,33.95,0,51.29,0,0.02,0
Schubert/Impromptu_op.90_D.899/3/Mizumoto07M,Schubert,back from 60% to 40%,152.40,0,113.93,0,0.64,0
Schubert/Impromptu_op.90_D.899/3/Mizumoto07M,Schubert,start at 40%,,0,,0,0.00,0
Schubert/Impromptu_op.90_D.899/4_no_repeat/LuoJ09M,Schubert,back six bars,10.33,0,10.40,0,0.18,0
Schubert/Impromptu_op.90_D.899/4_no_repeat/LuoJ09M,Schubert,back from 60% to 40%,164.00,0,61.88,1,0.25,0
Schubert/Impromptu_op.90_D.899/4_no_repeat/LuoJ09M,Schubert,start at 40%,,0,47.35,0,0.00,0
Schubert/Impromptu_op142/1/Kleisen10M,Schubert,back six bars,22.32,0,22.46,0,0.13,0
Schubert/Impromptu_op142/1/Kleisen10M,Schubert,back from 60% to 40%,,0,118.92,1,0.57,0
Schubert/Impromptu_op142/1/Kleisen10M,Schubert,start at 40%,,0,118.70,1,0.00,0
Schubert/Impromptu_op142/3/RichardsonC06M,Schubert,back six bars,304.20,0,141.64,0,0.35,0
Schubert/Impromptu_op142/3/RichardsonC06M,Schubert,back from 60% to 40%,,0,,0,0.11,0
Schubert/Impromptu_op142/3/RichardsonC06M,Schubert,start at 40%,,0,330.88,1,0.00,0
Schubert/Moment_Musical_no_1/MunA10M,Schubert,back six bars,28.29,0,24.51,0,0.36,0
Schubert/Moment_Musical_no_1/MunA10M,Schubert,back from 60% to 40%,202.74,0,188.39,2,0.61,0
Schubert/Moment_Musical_no_1/MunA10M,Schubert,start at 40%,,0,154.76,1,0.00,0
Schubert/Moment_musical_no_3/Tetzloff09M,Schubert,back six bars,27.68,0,23.41,0,0.01,0
Schubert/Moment_musical_no_3/Tetzloff09M,Schubert,back from 60% to 40%,,0,28.79,0,0.25,0
Schubert/Moment_musical_no_3/Tetzloff09M,Schubert,start at 40%,,0,26.80,0,0.00,0
Schubert/Piano_Sonatas/664-1/Mo10M,Schubert,back six bars,59.13,0,59.52,0,0.15,0
Schubert/Piano_Sonatas/664-1/Mo10M,Schubert,back from 60% to 40%,155.27,0,60.02,0,0.39,0
Schubert/Piano_Sonatas/664-1/Mo10M,Schubert,start at 40%,,0,,1,0.00,0
Schubert/Piano_Sonatas/664-3/KabuliL12M,Schubert,back six bars,6.85,0,6.83,0,0.49,0
Schubert/Piano_Sonatas/664-3/KabuliL12M,Schubert,back from 60% to 40%,136.81,0,98.33,0,0.72,0
Schubert/Piano_Sonatas/664-3/KabuliL12M,Schubert,start at 40%,,0,,1,0.00,0
Schubert/Piano_Sonatas/894-2/Yeletskiy08M,Schubert,back six bars,45.75,0,14.48,0,0.06,0
Schubert/Piano_Sonatas/894-2/Yeletskiy08M,Schubert,back from 60% to 40%,,0,,0,0.87,0
Schubert/Piano_Sonatas/894-2/Yeletskiy08M,Schubert,start at 40%,,0,,0,0.00,0
Schubert/Piano_Sonatas/894-2_no_repeat/SINKEV12M,Schubert,back six bars,65.55,0,56.87,0,0.19,0
Schubert/Piano_Sonatas/894-2_no_repeat/SINKEV12M,Schubert,back from 60% to 40%,,0,,1,0.35,0
Schubert/Piano_Sonatas/894-2_no_repeat/SINKEV12M,Schubert,start at 40%,215.99,0,111.34,0,0.00,0
Schubert/Wanderer_fantasie/Larionova05M,Schubert,back six bars,23.19,0,32.38,0,1.57,0
Schubert/Wanderer_fantasie/Larionova05M,Schubert,back from 60% to 40%,349.03,0,337.30,0,0.40,0
Schubert/Wanderer_fantasie/Larionova05M,Schubert,start at 40%,,0,395.34,4,0.00,0
Schumann/Arabeske/ParkS15M,Schumann,back six bars,14.46,0,13.23,0,0.58,0
Schumann/Arabeske/ParkS15M,Schumann,back from 60% to 40%,230.07,0,,2,0.52,0
Schumann/Arabeske/ParkS15M,Schumann,start at 40%,,0,,0,0.00,0
Schumann/Toccata/DupreeF13M,Schumann,back six bars,16.19,0,14.21,0,0.33,0
Schumann/Toccata/DupreeF13M,Schumann,back from 60% to 40%,,0,24.54,0,0.14,0
Schumann/Toccata/DupreeF13M,Schumann,start at 40%,,0,11.96,0,0.00,0
Schumann/Toccata_repeat/WangY07M,Schumann,back six bars,10.44,0,9.81,0,0.06,0
Schumann/Toccata_repeat/WangY07M,Schumann,back from 60% to 40%,,0,150.88,0,0.41,0
Schumann/Toccata_repeat/WangY07M,Schumann,start at 40%,,0,69.33,1,0.00,0
Scriabin/Etudes_op_8/11/Shi08M,Scriabin,back six bars,137.88,0,53.73,0,0.42,0
Scriabin/Etudes_op_8/11/Shi08M,Scriabin,back from 60% to 40%,,0,65.72,0,0.01,0
Scriabin/Etudes_op_8/11/Shi08M,Scriabin,start at 40%,,0,,3,0.00,0
Scriabin/Sonatas/5/FaB05M,Scriabin,back six bars,,0,46.44,0,39.19,0
Scriabin/Sonatas/5/FaB05M,Scriabin,back from 60% to 40%,83.61,0,,1,0.39,0
Scriabin/Sonatas/5/FaB05M,Scriabin,start at 40%,,0,,4,0.00,0
