performance,condition,matchmaker_within_quarter,matchmaker_within_bar,tracker_one_tempo_within_quarter,tracker_one_tempo_within_bar,tracker_within_quarter,tracker_within_bar
Bach/Fugue/bwv_848/Denisova06M,1.00x,0.9594,1.0000,0.9683,1.0000,0.9683,1.0000
Bach/Fugue/bwv_848/Denisova06M,0.75x,0.9821,1.0000,0.9812,1.0000,0.9812,1.0000
Bach/Fugue/bwv_848/Denisova06M,0.60x,0.9780,1.0000,0.9791,1.0000,0.9564,1.0000
Bach/Fugue/bwv_848/Denisova06M,0.50x,0.9123,1.0000,0.9480,1.0000,1.0000,1.0000
Bach/Fugue/bwv_848/Denisova06M,0.35x,0.5512,0.9163,0.7182,0.9486,0.9270,1.0000
Bach/Fugue/bwv_848/Denisova06M,0.25x,0.2604,0.6261,0.4890,0.7981,0.9806,1.0000
Bach/Fugue/bwv_848/Denisova06M,marked 2x too fast,0.8210,0.9945,0.8953,0.9973,0.9683,1.0000
Bach/Fugue/bwv_848/Denisova06M,marked 4x too fast,0.1063,0.2853,0.1805,0.3873,0.9625,1.0000
Bach/Fugue/bwv_848/Denisova06M,marked 2x too slow,0.4853,0.9031,0.4705,0.9019,0.9570,1.0000
Bach/Fugue/bwv_848/Denisova06M,slowing 1->0.4,0.8069,1.0000,0.8623,1.0000,0.8623,1.0000
Bach/Fugue/bwv_848/Denisova06M,speeding 0.4->1,0.9693,1.0000,0.9655,1.0000,0.7831,1.0000
Bach/Fugue/bwv_848/Denisova06M,sudden 1->0.5,0.9090,1.0000,0.9038,1.0000,0.9038,1.0000
Bach/Fugue/bwv_848/Denisova06M,round trip 0.5,0.9961,1.0000,0.9957,1.0000,0.9957,1.0000
Bach/Fugue/bwv_857/Bult-ItoS02M,1.00x,1.0000,1.0000,0.9255,1.0000,0.9511,1.0000
Bach/Fugue/bwv_857/Bult-ItoS02M,0.75x,0.9802,1.0000,0.9826,1.0000,0.9911,1.0000
Bach/Fugue/bwv_857/Bult-ItoS02M,0.60x,0.9257,1.0000,0.9522,1.0000,0.9375,1.0000
Bach/Fugue/bwv_857/Bult-ItoS02M,0.50x,0.8998,1.0000,0.9495,1.0000,0.9401,1.0000
Bach/Fugue/bwv_857/Bult-ItoS02M,0.35x,0.8274,1.0000,0.7628,0.8886,0.9556,0.9712
Bach/Fugue/bwv_857/Bult-ItoS02M,0.25x,0.5561,0.9562,0.0081,0.0145,0.9422,0.9702
Bach/Fugue/bwv_857/Bult-ItoS02M,marked 2x too fast,0.6416,0.8817,0.7938,0.9345,0.9511,1.0000
Bach/Fugue/bwv_857/Bult-ItoS02M,marked 4x too fast,0.3368,0.3718,0.3482,0.3715,0.9314,1.0000
Bach/Fugue/bwv_857/Bult-ItoS02M,marked 2x too slow,0.9420,1.0000,0.9511,1.0000,0.9511,1.0000
Bach/Fugue/bwv_857/Bult-ItoS02M,slowing 1->0.4,0.9201,1.0000,0.9459,1.0000,0.9629,1.0000
Bach/Fugue/bwv_857/Bult-ItoS02M,speeding 0.4->1,0.9822,1.0000,0.7936,0.8379,0.8531,0.9583
Bach/Fugue/bwv_857/Bult-ItoS02M,sudden 1->0.5,0.9350,1.0000,0.8964,1.0000,0.9674,1.0000
Bach/Fugue/bwv_857/Bult-ItoS02M,round trip 0.5,0.9941,1.0000,0.9830,1.0000,0.9432,1.0000
Bach/Fugue/bwv_870/ChenW01M,1.00x,1.0000,1.0000,1.0000,1.0000,1.0000,1.0000
Bach/Fugue/bwv_870/ChenW01M,0.75x,0.9985,1.0000,0.9988,1.0000,0.9988,1.0000
Bach/Fugue/bwv_870/ChenW01M,0.60x,0.9768,0.9981,0.9570,0.9924,0.9986,1.0000
Bach/Fugue/bwv_870/ChenW01M,0.50x,0.9673,0.9974,0.9801,0.9982,1.0000,1.0000
Bach/Fugue/bwv_870/ChenW01M,0.35x,0.8266,0.9355,0.8932,0.9633,0.9562,1.0000
Bach/Fugue/bwv_870/ChenW01M,0.25x,0.6630,0.8373,0.8457,0.9362,0.9941,1.0000
Bach/Fugue/bwv_870/ChenW01M,marked 2x too fast,0.9114,0.9661,0.9425,0.9752,0.9996,1.0000
Bach/Fugue/bwv_870/ChenW01M,marked 4x too fast,0.0382,0.0670,0.0788,0.1036,0.9842,0.9878
Bach/Fugue/bwv_870/ChenW01M,marked 2x too slow,0.8566,1.0000,0.8271,0.9984,1.0000,1.0000
Bach/Fugue/bwv_870/ChenW01M,slowing 1->0.4,0.9485,0.9920,0.9617,0.9933,0.9617,0.9933
Bach/Fugue/bwv_870/ChenW01M,speeding 0.4->1,0.9918,1.0000,0.9923,1.0000,0.9254,0.9805
Bach/Fugue/bwv_870/ChenW01M,sudden 1->0.5,0.9690,0.9984,0.9777,0.9992,0.9777,0.9992
Bach/Fugue/bwv_870/ChenW01M,round trip 0.5,1.0000,1.0000,1.0000,1.0000,1.0000,1.0000
Bach/Fugue/bwv_891/Duepree06M,1.00x,0.8515,1.0000,0.9198,1.0000,0.9269,1.0000
Bach/Fugue/bwv_891/Duepree06M,0.75x,0.9452,1.0000,0.9608,1.0000,0.9437,1.0000
Bach/Fugue/bwv_891/Duepree06M,0.60x,0.9637,1.0000,0.9748,1.0000,0.9689,1.0000
Bach/Fugue/bwv_891/Duepree06M,0.50x,0.9711,1.0000,0.9745,1.0000,0.9650,1.0000
Bach/Fugue/bwv_891/Duepree06M,0.35x,0.9024,1.0000,0.9494,1.0000,0.8978,1.0000
Bach/Fugue/bwv_891/Duepree06M,0.25x,0.7957,0.9675,0.8865,1.0000,0.9682,1.0000
Bach/Fugue/bwv_891/Duepree06M,marked 2x too fast,0.9717,1.0000,0.9737,1.0000,0.9183,1.0000
Bach/Fugue/bwv_891/Duepree06M,marked 4x too fast,0.5976,0.8401,0.7823,0.9489,0.9002,0.9933
Bach/Fugue/bwv_891/Duepree06M,marked 2x too slow,0.0322,0.4106,0.0318,0.4110,0.8943,0.9969
Bach/Fugue/bwv_891/Duepree06M,slowing 1->0.4,0.9470,1.0000,0.9403,1.0000,0.9334,1.0000
Bach/Fugue/bwv_891/Duepree06M,speeding 0.4->1,0.9050,1.0000,0.9068,1.0000,0.8670,1.0000
Bach/Fugue/bwv_891/Duepree06M,sudden 1->0.5,0.9364,1.0000,0.9537,1.0000,0.9584,1.0000
Bach/Fugue/bwv_891/Duepree06M,round trip 0.5,0.8389,1.0000,0.9301,1.0000,0.9214,1.0000
Bach/Prelude/bwv_848/Denisova06M,1.00x,0.9094,0.9446,0.9270,0.9657,0.9270,0.9657
Bach/Prelude/bwv_848/Denisova06M,0.75x,0.9377,0.9505,0.9690,0.9786,0.9690,0.9786
Bach/Prelude/bwv_848/Denisova06M,0.60x,0.9429,0.9480,0.9735,0.9764,0.9712,0.9726
Bach/Prelude/bwv_848/Denisova06M,0.50x,0.8359,0.8655,0.9495,0.9657,0.9684,0.9906
Bach/Prelude/bwv_848/Denisova06M,0.35x,0.0000,0.0000,0.8355,0.8879,0.9930,0.9977
Bach/Prelude/bwv_848/Denisova06M,0.25x,0.0000,0.0000,0.5973,0.6721,0.9502,0.9840
Bach/Prelude/bwv_848/Denisova06M,marked 2x too fast,0.7080,0.7440,0.8802,0.9036,0.9118,0.9477
Bach/Prelude/bwv_848/Denisova06M,marked 4x too fast,0.0137,0.0297,0.2654,0.3361,0.9141,0.9485
Bach/Prelude/bwv_848/Denisova06M,marked 2x too slow,0.5234,0.7084,0.4532,0.6417,0.9450,0.9793
Bach/Prelude/bwv_848/Denisova06M,slowing 1->0.4,0.9612,0.9696,0.9607,0.9686,0.9607,0.9686
Bach/Prelude/bwv_848/Denisova06M,speeding 0.4->1,0.6897,0.7122,0.9031,0.9256,0.8292,0.9024
Bach/Prelude/bwv_848/Denisova06M,sudden 1->0.5,0.9424,0.9559,0.9720,0.9842,0.9720,0.9842
Bach/Prelude/bwv_848/Denisova06M,round trip 0.5,0.8841,0.9251,0.8372,0.8931,0.8372,0.8931
Bach/Prelude/bwv_854/LuA01M,1.00x,0.9284,1.0000,0.9547,1.0000,0.9547,1.0000
Bach/Prelude/bwv_854/LuA01M,0.75x,0.9315,1.0000,0.9534,1.0000,0.8433,1.0000
Bach/Prelude/bwv_854/LuA01M,0.60x,0.9315,1.0000,0.9608,1.0000,0.8817,1.0000
Bach/Prelude/bwv_854/LuA01M,0.50x,0.9018,0.9929,0.9634,1.0000,0.9746,1.0000
Bach/Prelude/bwv_854/LuA01M,0.35x,0.8985,0.9737,0.9584,1.0000,0.8735,0.9963
Bach/Prelude/bwv_854/LuA01M,0.25x,0.7921,0.8935,0.9685,1.0000,0.9193,1.0000
Bach/Prelude/bwv_854/LuA01M,marked 2x too fast,0.9201,0.9976,0.9701,1.0000,0.9469,1.0000
Bach/Prelude/bwv_854/LuA01M,marked 4x too fast,0.0921,0.4770,0.5506,0.9158,0.9327,1.0000
Bach/Prelude/bwv_854/LuA01M,marked 2x too slow,0.7698,0.9976,0.7749,1.0000,0.9571,1.0000
Bach/Prelude/bwv_854/LuA01M,slowing 1->0.4,0.9488,1.0000,0.9661,1.0000,0.9596,1.0000
Bach/Prelude/bwv_854/LuA01M,speeding 0.4->1,0.8820,0.9902,0.9612,1.0000,0.9345,1.0000
Bach/Prelude/bwv_854/LuA01M,sudden 1->0.5,0.9551,1.0000,0.9213,1.0000,0.9213,1.0000
Bach/Prelude/bwv_854/LuA01M,round trip 0.5,0.9272,1.0000,0.9343,1.0000,0.9343,1.0000
Bach/Prelude/bwv_863/LeeN01M,1.00x,0.9199,0.9917,0.9929,1.0000,1.0000,1.0000
Bach/Prelude/bwv_863/LeeN01M,0.75x,0.8005,0.9376,0.9426,0.9879,0.9370,1.0000
Bach/Prelude/bwv_863/LeeN01M,0.60x,0.7902,0.9500,0.9600,1.0000,1.0000,1.0000
Bach/Prelude/bwv_863/LeeN01M,0.50x,0.6555,0.9142,0.9416,0.9984,1.0000,1.0000
Bach/Prelude/bwv_863/LeeN01M,0.35x,0.3041,0.6191,0.8000,0.9273,0.9993,1.0000
Bach/Prelude/bwv_863/LeeN01M,0.25x,0.2002,0.5941,0.7768,0.9343,0.9999,1.0000
Bach/Prelude/bwv_863/LeeN01M,marked 2x too fast,0.0272,0.2541,0.5738,0.8540,0.9980,1.0000
Bach/Prelude/bwv_863/LeeN01M,marked 4x too fast,0.0000,0.0000,0.0489,0.0663,0.9305,0.9716
Bach/Prelude/bwv_863/LeeN01M,marked 2x too slow,1.0000,1.0000,1.0000,1.0000,1.0000,1.0000
Bach/Prelude/bwv_863/LeeN01M,slowing 1->0.4,0.7816,0.9861,0.9125,0.9969,1.0000,1.0000
Bach/Prelude/bwv_863/LeeN01M,speeding 0.4->1,0.7433,0.8664,0.9851,1.0000,0.9683,1.0000
Bach/Prelude/bwv_863/LeeN01M,sudden 1->0.5,0.8552,0.9924,0.9552,0.9982,0.8373,0.9645
Bach/Prelude/bwv_863/LeeN01M,round trip 0.5,0.9203,0.9968,0.9945,1.0000,1.0000,1.0000
Bach/Prelude/bwv_888/ZhaoK01M,1.00x,0.9807,1.0000,0.9917,1.0000,0.9917,1.0000
Bach/Prelude/bwv_888/ZhaoK01M,0.75x,0.9539,1.0000,0.9773,1.0000,0.9675,1.0000
Bach/Prelude/bwv_888/ZhaoK01M,0.60x,0.9409,1.0000,0.9513,1.0000,0.8951,1.0000
Bach/Prelude/bwv_888/ZhaoK01M,0.50x,0.9372,0.9898,0.9949,1.0000,0.9953,1.0000
Bach/Prelude/bwv_888/ZhaoK01M,0.35x,0.8932,0.9795,0.9795,1.0000,0.7213,0.8470
Bach/Prelude/bwv_888/ZhaoK01M,0.25x,0.7501,0.8883,0.9449,1.0000,0.8791,1.0000
Bach/Prelude/bwv_888/ZhaoK01M,marked 2x too fast,0.9425,0.9898,0.9957,1.0000,0.9874,1.0000
Bach/Prelude/bwv_888/ZhaoK01M,marked 4x too fast,0.4797,0.8783,0.8161,0.9988,0.9850,1.0000
Bach/Prelude/bwv_888/ZhaoK01M,marked 2x too slow,0.6042,1.0000,0.2844,0.5384,0.9917,1.0000
Bach/Prelude/bwv_888/ZhaoK01M,slowing 1->0.4,0.9920,1.0000,0.9990,1.0000,0.9990,1.0000
Bach/Prelude/bwv_888/ZhaoK01M,speeding 0.4->1,0.8917,0.9905,0.9905,1.0000,0.8889,1.0000
Bach/Prelude/bwv_888/ZhaoK01M,sudden 1->0.5,0.9853,1.0000,0.9929,1.0000,0.9929,1.0000
Bach/Prelude/bwv_888/ZhaoK01M,round trip 0.5,0.9776,1.0000,0.9894,1.0000,0.9894,1.0000
Beethoven/Piano_Sonatas/26-1/HuNY02M,1.00x,0.9980,1.0000,1.0000,1.0000,1.0000,1.0000
Beethoven/Piano_Sonatas/26-1/HuNY02M,0.75x,1.0000,1.0000,0.9982,1.0000,0.9217,0.9521
Beethoven/Piano_Sonatas/26-1/HuNY02M,0.60x,0.9856,1.0000,0.9903,1.0000,0.8929,1.0000
Beethoven/Piano_Sonatas/26-1/HuNY02M,0.50x,0.9718,1.0000,0.9990,1.0000,0.9541,1.0000
Beethoven/Piano_Sonatas/26-1/HuNY02M,0.35x,0.8991,0.9830,0.9415,0.9906,1.0000,1.0000
Beethoven/Piano_Sonatas/26-1/HuNY02M,0.25x,0.5757,0.8491,0.7969,0.9226,0.7476,0.8832
Beethoven/Piano_Sonatas/26-1/HuNY02M,marked 2x too fast,0.8530,1.0000,0.9243,1.0000,1.0000,1.0000
Beethoven/Piano_Sonatas/26-1/HuNY02M,marked 4x too fast,0.1923,0.5315,0.5973,0.8842,0.8983,0.8983
Beethoven/Piano_Sonatas/26-1/HuNY02M,marked 2x too slow,0.6982,0.9236,0.7175,0.8897,0.7569,0.9224
Beethoven/Piano_Sonatas/26-1/HuNY02M,slowing 1->0.4,0.9995,1.0000,1.0000,1.0000,0.6547,0.7351
Beethoven/Piano_Sonatas/26-1/HuNY02M,speeding 0.4->1,0.9488,1.0000,0.9702,1.0000,0.9434,1.0000
Beethoven/Piano_Sonatas/26-1/HuNY02M,sudden 1->0.5,0.9987,1.0000,1.0000,1.0000,0.9398,1.0000
Beethoven/Piano_Sonatas/26-1/HuNY02M,round trip 0.5,0.9913,1.0000,1.0000,1.0000,1.0000,1.0000
Mozart/Piano_Sonatas/12-1/MunA03M,1.00x,0.9375,1.0000,0.9462,1.0000,0.9144,0.9753
Mozart/Piano_Sonatas/12-1/MunA03M,0.75x,0.9455,0.9997,0.9664,1.0000,0.9658,1.0000
Mozart/Piano_Sonatas/12-1/MunA03M,0.60x,0.9517,0.9984,0.9514,0.9998,0.9430,0.9913
Mozart/Piano_Sonatas/12-1/MunA03M,0.50x,0.8977,0.9768,0.9633,1.0000,0.9411,0.9896
Mozart/Piano_Sonatas/12-1/MunA03M,0.35x,0.7349,0.8888,0.8588,0.9636,0.8882,0.9761
Mozart/Piano_Sonatas/12-1/MunA03M,0.25x,0.5408,0.7885,0.7607,0.9135,0.9529,1.0000
Mozart/Piano_Sonatas/12-1/MunA03M,marked 2x too fast,0.8504,0.9556,0.9230,0.9933,0.9430,1.0000
Mozart/Piano_Sonatas/12-1/MunA03M,marked 4x too fast,0.3668,0.6383,0.6277,0.8586,0.9348,0.9961
Mozart/Piano_Sonatas/12-1/MunA03M,marked 2x too slow,0.1328,0.2734,0.1481,0.5102,0.8904,0.9639
Mozart/Piano_Sonatas/12-1/MunA03M,slowing 1->0.4,0.9552,1.0000,0.9526,0.9944,0.9352,0.9815
Mozart/Piano_Sonatas/12-1/MunA03M,speeding 0.4->1,0.8683,0.9523,0.8932,0.9895,0.6820,0.9851
Mozart/Piano_Sonatas/12-1/MunA03M,sudden 1->0.5,0.9456,1.0000,0.9568,1.0000,0.9356,0.9835
Mozart/Piano_Sonatas/12-1/MunA03M,round trip 0.5,0.9497,1.0000,0.9537,1.0000,0.9368,0.9870
Rachmaninoff/Preludes_op_23/4/ChenGuang12M,1.00x,0.9795,1.0000,0.9744,1.0000,0.9634,1.0000
Rachmaninoff/Preludes_op_23/4/ChenGuang12M,0.75x,0.9378,1.0000,0.9336,1.0000,0.9274,1.0000
Rachmaninoff/Preludes_op_23/4/ChenGuang12M,0.60x,0.9318,1.0000,0.9578,1.0000,0.9469,1.0000
Rachmaninoff/Preludes_op_23/4/ChenGuang12M,0.50x,0.7716,0.9823,0.9040,1.0000,0.9300,1.0000
Rachmaninoff/Preludes_op_23/4/ChenGuang12M,0.35x,0.4414,0.8268,0.5641,0.8780,0.9521,1.0000
Rachmaninoff/Preludes_op_23/4/ChenGuang12M,0.25x,0.1543,0.3729,0.4363,0.6683,0.9214,1.0000
Rachmaninoff/Preludes_op_23/4/ChenGuang12M,marked 2x too fast,0.5098,0.8619,0.6629,0.8922,0.9544,1.0000
Rachmaninoff/Preludes_op_23/4/ChenGuang12M,marked 4x too fast,0.2050,0.3190,0.3611,0.5146,0.9654,0.9913
Rachmaninoff/Preludes_op_23/4/ChenGuang12M,marked 2x too slow,0.7734,1.0000,0.7502,1.0000,0.9276,1.0000
Rachmaninoff/Preludes_op_23/4/ChenGuang12M,slowing 1->0.4,0.8474,0.9946,0.9057,0.9966,0.9057,0.9966
Rachmaninoff/Preludes_op_23/4/ChenGuang12M,speeding 0.4->1,0.7622,0.9773,0.8259,0.9791,0.8015,0.9975
Rachmaninoff/Preludes_op_23/4/ChenGuang12M,sudden 1->0.5,0.6624,0.9209,0.7191,0.9241,0.7118,0.9241
Rachmaninoff/Preludes_op_23/4/ChenGuang12M,round trip 0.5,0.9929,1.0000,0.9851,1.0000,0.9375,0.9807
Schubert/Impromptu_op.90_D.899/1/Teo06M,1.00x,0.7624,0.9996,0.9107,1.0000,0.9107,1.0000
Schubert/Impromptu_op.90_D.899/1/Teo06M,0.75x,0.7322,0.9472,0.8419,1.0000,0.8419,1.0000
Schubert/Impromptu_op.90_D.899/1/Teo06M,0.60x,0.6307,0.8752,0.8365,1.0000,0.8303,1.0000
Schubert/Impromptu_op.90_D.899/1/Teo06M,0.50x,0.5801,0.7665,0.8084,0.9699,0.8598,0.9770
Schubert/Impromptu_op.90_D.899/1/Teo06M,0.35x,0.4763,0.7605,0.6582,0.9588,0.7963,1.0000
Schubert/Impromptu_op.90_D.899/1/Teo06M,0.25x,0.0000,0.0030,0.6391,0.8478,0.8252,0.9606
Schubert/Impromptu_op.90_D.899/1/Teo06M,marked 2x too fast,0.5641,0.8820,0.7998,1.0000,0.8836,1.0000
Schubert/Impromptu_op.90_D.899/1/Teo06M,marked 4x too fast,0.0157,0.1416,0.3214,0.6920,0.8466,1.0000
Schubert/Impromptu_op.90_D.899/1/Teo06M,marked 2x too slow,0.5122,0.9937,0.6007,0.9485,0.9249,1.0000
Schubert/Impromptu_op.90_D.899/1/Teo06M,slowing 1->0.4,0.7535,0.9997,0.8562,1.0000,0.8567,1.0000
Schubert/Impromptu_op.90_D.899/1/Teo06M,speeding 0.4->1,0.5328,0.6658,0.6930,0.9229,0.6910,0.8546
Schubert/Impromptu_op.90_D.899/1/Teo06M,sudden 1->0.5,0.7556,0.9997,0.8665,1.0000,0.8665,1.0000
Schubert/Impromptu_op.90_D.899/1/Teo06M,round trip 0.5,0.7431,0.9988,0.8769,1.0000,0.8694,1.0000
Schubert/Moment_musical_no_3/Tetzloff09M,1.00x,0.9363,0.9844,0.9254,0.9906,0.9250,0.9906
Schubert/Moment_musical_no_3/Tetzloff09M,0.75x,0.9238,0.9795,0.9472,0.9865,0.9074,0.9452
Schubert/Moment_musical_no_3/Tetzloff09M,0.60x,0.8390,0.8931,0.9355,0.9794,0.8118,0.9067
Schubert/Moment_musical_no_3/Tetzloff09M,0.50x,0.7681,0.8851,0.8941,0.9846,0.8843,0.9392
Schubert/Moment_musical_no_3/Tetzloff09M,0.35x,0.0000,0.0000,0.5211,0.6965,0.8716,0.9826
Schubert/Moment_musical_no_3/Tetzloff09M,0.25x,0.0000,0.0000,0.4813,0.6913,0.8526,0.9431
Schubert/Moment_musical_no_3/Tetzloff09M,marked 2x too fast,0.7554,0.9461,0.8413,0.9754,0.9222,0.9844
Schubert/Moment_musical_no_3/Tetzloff09M,marked 4x too fast,0.0000,0.0000,0.0184,0.0395,0.9168,0.9809
Schubert/Moment_musical_no_3/Tetzloff09M,marked 2x too slow,0.5741,0.8222,0.5217,0.7698,0.9406,1.0000
Schubert/Moment_musical_no_3/Tetzloff09M,slowing 1->0.4,0.7162,0.8559,0.7873,0.9083,0.7876,0.9083
Schubert/Moment_musical_no_3/Tetzloff09M,speeding 0.4->1,0.6618,0.7652,0.8547,0.9729,0.6490,0.8212
Schubert/Moment_musical_no_3/Tetzloff09M,sudden 1->0.5,0.8753,0.9896,0.9051,0.9938,0.9049,0.9938
Schubert/Moment_musical_no_3/Tetzloff09M,round trip 0.5,0.8687,0.9832,0.8722,0.9824,0.8714,0.9824
Schumann/Arabeske/Min09M,1.00x,0.9386,0.9906,0.8753,0.9382,0.8753,0.9382
Schumann/Arabeske/Min09M,0.75x,0.9543,0.9859,0.9411,0.9886,0.9244,0.9868
Schumann/Arabeske/Min09M,0.60x,0.9437,0.9765,0.9782,1.0000,0.9414,0.9836
Schumann/Arabeske/Min09M,0.50x,0.9261,0.9634,0.9312,0.9844,0.9042,0.9754
Schumann/Arabeske/Min09M,0.35x,0.7232,0.8806,0.8569,0.9523,0.8654,0.9568
Schumann/Arabeske/Min09M,0.25x,0.0000,0.0000,0.8092,0.9094,0.9103,0.9712
Schumann/Arabeske/Min09M,marked 2x too fast,0.9320,0.9586,0.9695,0.9941,0.8636,0.9328
Schumann/Arabeske/Min09M,marked 4x too fast,0.0055,0.0539,0.2486,0.3284,0.8378,0.9011
Schumann/Arabeske/Min09M,marked 2x too slow,0.8288,0.9711,0.7955,0.9683,0.8753,0.9382
Schumann/Arabeske/Min09M,slowing 1->0.4,0.9331,0.9964,0.9418,0.9916,0.9375,0.9916
Schumann/Arabeske/Min09M,speeding 0.4->1,0.8664,0.9181,0.9312,0.9854,0.8907,0.9603
Schumann/Arabeske/Min09M,sudden 1->0.5,0.9506,0.9951,0.8989,0.9589,0.8989,0.9589
Schumann/Arabeske/Min09M,round trip 0.5,0.9550,0.9863,0.9089,0.9457,0.9089,0.9457
